FBI1;FBI2;FBI3;FBI4;FBI5;FBI6;FBI7;FBI8;MSFU1;MSFU2;MSFU3;MSFU4;MSFU5;MSFU6;MSFU7;MSFU8;MSFU9;MSFU10;COMF1;COMF2;COMF3;COMF4;COMF5;COMF6;COMF7;COMF8;COMF9;COMF10;COMF11;RSES1;RSES2;RSES3;RSES4;RSES5;RSES6;RSES7;RSES8;RSES9;RSES10;CSS1;CSS2;CSS3;CSS4;CSS5;CSS6;CSS7;CSS8;CSS9;CSS10;CSS11;CSS12;CSS13;CSS14;CSS15;RRS1;RRS2;RRS3;RRS4;RRS5;RRS6;RRS7;RRS8;RRS9;RRS10;RRS11;RRS12;RRS13;RRS14;RRS15;RRS16;RRS17;RRS18;RRS19;RRS20;RRS21;RRS22;DASS1;DASS2;DASS3;DASS4;DASS5;DASS6;DASS7;DASS8;DASS9;DASS10;DASS11;DASS12;DASS13;DASS14;DASS15;DASS16;DASS17;DASS18;DASS19;DASS20;DASS21;FBI;MSFUP;MSFUaprivate;MSFUapublic;COMF;CSS;RSES;RRS;DASS_stress;DASS_anxiety;DASS_depression
4;3;5;5;2;4;107;120;7;4;4;5;2;7;2;2;2;2;5;2;4;2;4;4;3;4;2;4;4;1;1;2;1;1;1;1;0;1;1;3;2;4;4;5;4;5;5;1;4;4;4;4;4;4;2;1;3;2;2;3;2;1;2;4;2;1;3;1;3;3;2;2;2;2;1;3;2;0;1;1;1;2;0;2;2;3;2;2;1;0;1;1;1;1;2;1;0;23;15;9;6;38;57;10;47;11;7;8
5;2;5;4;4;4;20;60;6;3;2;5;2;7;7;4;3;2;4;4;4;2;4;4;4;3;5;4;4;2;1;2;2;2;1;2;1;2;2;5;4;5;4;4;4;4;5;2;4;3;4;4;4;4;2;2;2;3;3;4;2;1;2;2;1;1;3;3;3;2;2;2;2;2;2;2;1;2;2;1;3;2;0;1;1;2;1;2;1;1;1;1;1;0;1;1;2;24;12;14;9;42;60;17;48;8;7;12
4;3;4;2;3;4;10;3;7;3;2;3;2;2;2;2;2;2;4;4;4;3;5;4;4;5;4;4;4;2;2;2;3;2;2;2;2;2;2;2;3;4;4;5;2;3;4;4;4;4;4;3;2;4;2;2;3;2;2;2;2;1;2;1;2;1;3;1;3;3;2;3;3;1;2;1;1;1;0;0;1;0;0;0;0;0;0;1;0;0;0;0;0;1;0;0;0;20;10;4;6;45;52;21;44;3;1;1
4;3;4;4;4;4;417;60;7;4;4;3;2;7;6;1;2;2;3;4;2;2;3;4;4;3;4;4;2;3;3;2;2;3;3;3;3;3;3;5;2;4;2;3;4;2;4;2;1;2;4;2;2;2;1;1;1;1;1;1;2;1;1;2;1;1;2;1;1;1;1;1;1;1;1;1;0;1;0;0;1;0;0;1;0;0;1;0;0;0;0;0;0;0;0;0;0;23;13;13;5;35;41;28;25;2;1;1
5;4;5;5;4;5;400;90;7;5;4;4;4;6;7;3;3;3;4;4;5;4;3;4;3;4;4;4;4;2;2;2;2;2;2;2;2;2;2;4;4;4;2;3;5;3;5;3;3;4;2;2;4;4;2;3;3;2;2;3;3;2;3;2;1;1;2;2;3;2;3;2;3;3;1;2;3;1;2;0;2;2;0;0;0;3;3;1;3;1;0;2;0;2;0;0;1;28;17;13;9;43;52;20;50;12;1;13
4;3;4;2;3;4;359;10;6;2;1;2;1;7;7;2;2;2;4;2;2;2;3;2;2;3;3;2;2;3;2;2;2;2;1;3;3;2;3;4;1;4;1;4;2;1;4;4;1;4;4;1;1;2;2;3;4;3;3;2;1;2;1;3;1;2;4;2;3;3;1;2;3;1;1;4;2;0;1;0;3;2;1;2;2;0;2;3;0;1;0;0;0;2;1;0;0;20;6;14;6;27;38;23;51;14;4;4
4;3;5;5;3;5;220;30;6;3;3;2;3;3;3;4;4;4;4;4;3;3;5;4;4;4;5;4;4;1;1;2;2;1;1;2;0;1;1;5;4;5;3;5;5;3;5;5;4;3;5;4;5;3;3;3;3;3;1;2;2;1;3;2;1;1;2;2;3;4;2;3;2;3;1;2;1;0;0;0;1;0;0;1;1;0;0;2;0;2;0;0;1;1;0;0;0;25;11;6;12;44;64;12;49;7;1;2
4;5;4;4;4;5;186;60;6;7;6;5;5;6;6;7;6;5;5;4;4;4;5;5;4;5;4;5;4;2;3;2;3;3;3;2;3;3;3;5;2;5;2;3;3;3;4;3;3;2;5;3;2;3;1;2;2;2;1;3;1;2;3;2;2;1;2;2;1;2;2;2;2;2;1;1;1;0;0;0;1;0;0;1;1;0;0;1;1;0;0;0;0;0;0;0;0;26;23;12;18;49;48;27;39;3;1;2
4;2;5;2;2;1;100;60;7;5;6;7;6;5;5;2;2;2;4;3;4;2;4;2;3;5;2;3;1;2;2;2;3;2;1;2;0;2;2;5;4;5;4;5;3;4;4;4;4;4;5;4;3;4;1;1;2;3;1;2;3;1;1;3;3;1;4;1;1;4;2;2;2;3;3;1;0;0;0;1;2;1;0;1;0;0;0;1;0;1;0;1;1;0;0;0;1;16;24;10;6;33;62;18;45;4;1;5
2;2;2;2;2;2;100;1;3;2;1;1;1;1;1;2;1;1;5;4;4;4;4;5;4;4;1;5;4;2;1;2;2;2;1;2;1;2;2;4;4;4;4;4;5;4;4;4;4;4;4;4;4;4;2;2;3;2;2;2;3;2;3;3;2;2;2;2;2;2;2;2;2;2;2;2;0;2;1;1;1;1;0;0;1;1;1;0;1;0;0;0;2;1;1;0;0;12;5;2;4;44;61;17;48;3;5;6
4;1;3;1;1;1;170;60;7;4;2;2;2;4;5;5;3;5;1;1;1;1;1;1;1;2;4;1;1;3;3;3;3;3;3;2;3;3;3;5;1;5;1;4;1;1;4;1;1;1;5;1;1;1;1;1;1;1;1;2;1;1;1;1;1;1;1;1;1;1;1;1;2;1;1;1;0;0;0;0;1;0;0;0;0;0;1;0;1;0;0;0;0;0;0;0;0;11;10;9;13;15;33;29;24;1;0;2
1;2;1;1;4;2;100;0;2;2;1;2;1;1;1;1;1;1;4;2;4;4;2;4;4;2;1;4;2;2;2;3;2;3;3;2;1;3;3;4;3;4;4;5;4;4;5;5;3;2;5;4;4;4;3;2;4;2;4;2;2;4;1;2;1;1;3;3;3;3;2;2;3;3;1;1;0;0;0;0;0;2;0;1;1;1;1;1;1;0;0;0;0;0;0;1;0;11;6;2;3;33;60;24;52;5;2;2
4;4;3;3;4;3;120;500;4;4;4;5;4;5;6;5;3;4;4;3;3;4;3;3;4;3;4;2;3;1;1;1;2;1;3;1;2;2;2;3;2;2;3;3;2;3;3;3;2;3;3;3;3;3;3;2;3;4;2;3;3;2;3;3;2;2;2;3;1;3;3;3;2;2;3;3;2;2;1;2;1;2;2;1;1;2;2;2;1;1;2;2;3;2;2;1;2;21;17;11;12;36;41;16;57;12;12;12
5;3;4;5;3;4;541;25;7;5;4;5;4;6;6;1;2;2;4;3;4;4;2;4;3;2;4;4;4;3;3;3;3;3;3;3;2;3;3;3;2;2;4;5;5;4;4;3;3;4;2;2;5;4;1;1;1;1;1;1;1;1;2;1;1;1;2;1;1;1;1;1;1;1;1;1;0;0;0;0;0;1;0;0;1;0;0;0;0;0;0;0;0;0;0;0;0;24;18;12;5;38;52;29;24;1;1;0
2;1;2;1;1;1;70;10;4;2;1;1;1;2;2;1;1;1;4;1;1;1;1;4;1;1;1;4;4;0;0;0;1;0;0;0;2;0;0;2;5;3;3;2;4;2;4;4;3;4;4;4;4;5;2;1;2;2;1;4;3;4;1;2;2;1;2;1;1;2;2;4;4;3;2;2;0;0;1;0;1;1;0;0;0;2;1;1;1;1;0;1;1;1;0;0;2;8;5;4;3;23;53;3;48;5;0;9
4;3;5;4;2;2;450;300;7;5;3;5;4;7;7;1;2;1;4;4;3;4;4;4;3;4;2;4;2;2;1;2;3;2;1;2;1;2;2;5;4;5;2;4;3;2;4;4;4;3;5;3;4;3;2;1;1;2;1;2;1;1;1;2;1;1;3;1;2;3;1;3;1;2;1;2;1;1;0;0;1;0;0;0;1;1;0;0;0;1;0;1;1;0;0;0;0;20;17;14;4;38;55;18;35;2;2;4
2;3;3;2;2;2;203;30;3;4;3;4;4;3;4;3;4;4;2;3;2;3;2;3;2;3;2;3;2;2;2;1;1;1;2;2;2;2;2;2;2;3;3;2;2;4;3;3;3;2;2;4;3;3;2;1;1;1;2;2;1;1;2;1;1;1;1;1;1;1;2;2;1;1;1;2;0;0;0;0;0;0;0;0;0;0;0;0;0;0;0;0;0;0;0;0;0;14;15;7;11;27;41;17;29;0;0;0
5;3;5;5;3;4;250;90;7;2;2;4;2;5;5;5;4;4;3;2;3;2;4;4;3;4;4;4;5;0;1;2;0;1;0;1;1;1;2;4;5;4;5;4;4;5;4;5;4;4;4;4;4;5;3;3;4;4;3;3;2;1;4;3;3;1;4;3;4;3;2;3;4;2;3;4;1;3;0;2;2;1;2;2;1;1;2;2;1;1;2;1;2;2;3;2;1;25;10;10;13;38;65;9;66;11;15;8
5;3;5;4;2;3;401;120;7;6;6;5;5;5;5;3;3;5;4;4;2;2;5;4;2;4;5;4;2;2;2;3;2;2;2;3;3;3;3;3;2;5;4;4;3;1;4;5;1;4;4;2;1;5;3;2;2;2;1;1;2;1;1;2;3;2;3;3;1;3;2;2;2;2;3;2;0;0;0;0;1;0;0;0;0;0;2;0;1;1;0;0;0;0;0;0;0;22;22;10;11;38;48;25;45;3;0;2
4;2;4;2;2;3;60;75;6;3;2;4;2;2;1;2;2;3;4;3;4;2;3;3;2;4;2;3;3;2;1;2;2;2;1;2;1;2;2;4;4;4;3;5;4;3;4;4;4;4;4;3;4;4;2;1;2;2;3;2;3;1;3;2;2;1;1;2;3;2;2;3;2;2;1;2;0;1;1;1;2;1;0;0;0;1;1;0;1;2;0;1;2;1;1;1;2;17;11;3;7;33;58;17;44;5;4;10
5;4;4;5;3;5;125;180;7;5;5;6;5;5;4;6;5;4;4;3;3;2;3;5;4;3;4;5;4;2;3;2;2;3;3;2;2;3;2;5;3;4;4;5;4;4;5;4;3;5;4;4;4;5;2;1;2;3;2;2;2;1;2;1;2;1;2;1;3;1;1;1;2;1;2;1;1;0;1;0;1;1;0;0;0;1;1;1;1;1;0;1;0;1;0;1;0;26;21;9;15;40;63;24;36;6;1;5
5;3;5;4;4;1;200;60;6;6;6;6;6;6;6;5;6;5;4;4;4;5;4;5;3;3;4;5;4;1;1;1;1;1;1;2;0;0;1;4;2;4;4;4;5;4;4;4;4;4;4;4;4;4;4;4;4;4;4;4;4;4;4;4;4;4;4;4;4;4;4;4;4;4;4;4;3;0;2;2;3;3;2;2;2;3;2;3;3;2;2;3;3;2;2;2;3;22;24;12;16;45;59;9;88;17;12;20
4;3;4;4;4;4;500;45;6;3;2;2;2;4;1;1;2;1;4;4;4;4;4;4;4;4;3;4;4;2;2;2;2;2;1;2;1;2;2;4;2;4;4;4;4;4;4;2;4;2;4;2;3;2;2;3;3;3;2;2;3;2;3;3;2;2;2;2;2;2;2;2;2;3;2;2;1;0;1;0;1;1;1;1;1;1;1;1;1;1;1;1;1;1;1;1;1;23;9;5;4;43;49;18;51;7;5;7
5;3;5;5;4;4;162;100;7;3;1;3;1;5;2;2;2;2;5;2;4;1;2;5;4;2;4;5;1;3;3;3;3;3;3;3;3;3;3;5;3;4;4;4;3;4;5;5;4;3;4;3;4;5;1;1;1;1;1;1;1;1;1;1;1;1;2;1;1;1;1;1;1;1;1;1;0;0;0;0;0;0;0;0;0;0;0;0;0;0;0;0;0;0;0;0;0;26;8;7;6;35;60;30;23;0;0;0
4;3;5;5;4;5;577;60;7;6;4;4;3;6;6;2;2;2;1;3;4;4;4;3;4;4;3;3;4;2;2;2;2;1;1;2;2;2;2;3;2;3;3;4;2;3;4;3;3;3;4;2;3;3;3;2;3;3;3;2;2;1;2;2;1;1;3;3;2;2;2;2;3;2;3;1;1;0;1;0;1;0;0;0;0;1;1;1;0;0;0;0;0;0;0;0;0;26;17;12;6;37;45;18;48;3;0;3
4;3;4;3;2;2;11;30;6;1;1;2;1;6;6;2;2;2;1;1;1;1;3;1;1;3;3;1;1;2;2;2;3;2;1;2;1;2;2;4;4;5;1;3;1;1;3;1;1;2;4;3;1;4;3;1;2;1;3;1;2;1;1;1;2;1;2;1;1;1;2;1;1;2;2;1;0;0;0;0;1;0;0;1;0;1;0;1;1;0;0;0;0;0;0;0;1;18;5;12;6;17;38;19;33;2;0;4
2;1;3;1;1;1;316;0;2;2;2;2;2;6;6;1;1;1;2;3;4;2;4;4;3;3;3;3;4;1;1;2;2;1;1;2;1;1;1;3;4;4;2;4;4;3;3;4;2;3;4;4;4;4;3;2;2;3;2;4;2;3;3;2;3;1;2;2;3;2;3;3;4;2;2;2;1;0;1;0;2;1;1;1;2;3;2;2;1;1;2;2;1;2;1;2;2;9;8;12;3;35;52;13;55;10;8;12
2;2;2;4;3;5;285;15;6;5;2;4;1;4;5;3;3;2;2;2;2;1;3;2;1;3;4;2;1;1;2;3;2;1;2;2;0;2;1;4;4;5;3;4;2;4;3;4;3;4;5;2;1;4;2;1;3;3;1;4;2;1;2;1;4;1;3;2;1;1;2;2;2;1;3;1;2;0;1;0;2;0;0;1;2;1;0;3;1;1;0;2;1;0;0;0;2;18;12;9;8;23;52;16;43;7;2;10
1;3;1;1;1;1;30;2;2;4;4;3;3;1;1;1;1;1;2;3;2;4;2;4;2;2;2;4;2;2;3;3;3;3;3;3;1;3;2;3;3;4;1;2;5;1;4;3;1;3;4;3;4;3;1;1;1;2;2;2;3;1;2;2;4;2;4;1;2;2;2;3;2;2;4;2;0;1;0;0;0;0;0;1;0;0;1;0;0;2;0;0;0;1;0;0;0;8;14;2;3;29;44;26;47;5;1;0
2;2;2;1;2;2;30;5;5;3;2;3;2;2;4;2;2;1;3;3;4;4;4;3;3;4;2;3;2;2;2;2;3;2;2;3;1;2;1;4;5;3;2;2;2;2;2;4;1;3;4;4;2;4;2;3;3;3;3;2;3;3;3;3;3;1;4;3;3;3;2;1;3;1;2;2;1;2;1;1;2;2;2;1;1;1;2;2;1;2;2;1;1;2;1;1;2;11;10;6;5;35;44;20;56;12;10;9
4;4;4;3;4;4;1700;60;6;5;5;4;3;7;7;2;2;2;4;4;4;4;4;5;4;5;5;5;4;2;3;3;3;3;3;3;1;3;3;4;2;4;2;4;2;2;4;4;4;4;4;2;1;3;1;2;2;2;1;2;1;1;2;2;2;2;2;2;1;2;1;1;1;1;2;1;1;0;0;0;1;0;0;0;0;0;1;1;0;0;0;0;0;0;0;0;0;23;17;14;6;48;46;27;34;3;0;1
4;3;4;3;2;2;50;60;6;5;4;3;4;2;2;3;3;3;4;4;4;4;4;4;3;4;2;4;4;2;1;2;3;2;1;2;1;2;2;4;4;4;4;4;2;4;5;4;3;2;4;4;3;4;2;3;3;2;2;3;4;1;2;2;3;3;4;3;3;2;2;2;2;3;1;2;1;2;0;0;3;1;0;2;2;0;1;1;1;0;0;0;0;1;0;1;0;18;16;4;9;41;55;18;54;7;5;4
1;4;1;1;4;4;150;30;6;5;3;5;3;5;5;4;4;4;4;4;4;4;4;4;4;4;4;4;4;1;1;2;2;2;1;2;0;2;1;4;2;4;4;5;4;4;5;5;4;2;4;5;4;5;1;1;3;3;3;3;3;3;1;1;3;3;2;3;3;1;1;3;3;3;1;3;0;0;0;1;0;1;0;1;1;0;0;0;1;0;0;0;0;1;0;0;0;15;16;10;12;44;61;14;51;3;2;1
5;3;5;5;1;2;100;60;7;2;2;2;2;2;5;2;2;2;1;1;1;1;1;1;1;1;4;1;1;0;0;0;0;0;0;0;0;0;0;5;2;5;1;1;4;1;5;4;1;2;5;3;4;3;1;1;3;1;1;2;2;1;1;1;2;1;3;1;1;1;1;2;1;1;1;1;2;2;0;0;0;0;0;0;0;0;0;0;0;0;0;0;0;0;0;0;0;21;8;7;6;14;46;0;30;2;2;0
4;3;3;2;2;2;53;120;6;5;4;4;4;7;3;4;3;3;1;1;1;1;1;3;1;2;4;4;1;2;1;2;2;2;1;3;1;2;1;3;5;4;3;3;2;3;4;4;2;3;4;2;1;4;3;2;2;1;2;1;2;2;2;3;3;1;2;1;2;2;2;2;2;2;3;2;2;0;1;0;0;1;0;2;1;2;1;2;2;1;2;0;1;2;1;2;0;16;17;10;10;20;47;17;44;11;6;6
5;5;5;5;5;5;45;200;6;6;6;6;6;6;6;5;3;3;5;5;5;5;5;4;3;4;4;4;3;1;1;2;2;2;2;2;2;1;2;3;3;3;3;3;4;3;3;3;3;3;3;3;3;3;1;2;2;2;3;3;1;1;1;2;2;2;2;2;2;2;2;2;2;2;2;2;0;0;0;0;0;0;0;0;0;0;0;0;0;0;0;0;0;0;0;0;0;30;24;12;11;47;46;17;42;0;0;0
4;4;4;4;4;3;118;50;7;3;3;3;3;5;5;2;2;2;4;4;4;2;4;4;4;4;4;4;3;2;2;2;2;2;2;3;1;2;2;4;3;4;4;4;4;4;5;4;3;3;4;3;4;4;1;2;2;2;2;1;1;1;1;2;3;1;3;2;1;3;1;1;1;1;3;1;1;0;0;0;0;0;0;0;1;0;0;1;0;0;0;0;0;0;0;0;0;23;12;10;6;41;57;20;36;2;1;0
5;2;5;4;4;4;465;210;7;7;6;5;5;7;7;2;2;2;4;4;4;4;4;4;4;4;5;4;2;2;2;2;3;1;2;3;1;2;2;4;2;4;4;4;2;4;4;2;4;4;4;4;2;4;1;2;2;3;1;3;1;1;1;2;2;1;2;1;3;2;1;2;3;2;1;1;1;0;0;0;2;1;0;1;0;0;0;1;0;0;1;1;0;0;2;0;0;24;23;14;6;43;52;20;38;4;3;3
5;5;5;5;5;5;973;480;6;4;3;6;6;7;7;7;4;4;4;4;5;5;5;1;4;4;5;1;5;2;3;3;3;0;1;3;0;0;3;3;5;3;5;5;5;5;4;3;5;1;5;1;5;1;2;3;3;3;1;3;3;1;4;4;3;3;3;4;4;4;4;4;4;4;4;4;2;3;2;2;3;3;3;2;2;2;2;2;2;2;2;2;2;3;3;3;3;30;19;14;15;43;56;18;72;16;18;16
4;3;4;4;3;4;150;3;6;4;1;6;1;7;7;6;6;6;4;4;4;4;4;2;4;4;4;2;2;3;3;2;2;3;3;3;0;3;3;5;3;4;5;5;5;2;5;3;3;3;3;2;4;2;1;1;1;2;1;1;1;1;1;1;2;2;1;1;1;1;1;1;1;1;1;1;0;1;0;1;0;0;0;0;0;0;0;0;0;0;0;0;0;0;0;0;0;22;12;14;18;38;54;25;25;0;2;0
2;2;2;1;1;1;150;15;5;2;1;1;1;3;3;1;1;1;1;1;1;1;1;1;1;1;2;1;1;1;1;3;3;1;0;1;0;0;1;4;3;3;1;4;1;1;4;3;2;3;4;2;2;3;3;3;2;2;1;4;3;4;3;2;2;1;3;3;3;3;3;4;4;3;2;3;3;1;3;1;3;1;0;1;2;2;1;3;2;0;1;2;2;2;3;1;3;9;5;6;3;12;40;11;61;11;9;17
5;5;5;5;5;5;800;120;7;6;4;6;4;7;7;6;6;6;5;5;5;3;3;3;3;3;4;3;3;3;2;3;3;2;2;3;2;2;3;4;2;3;3;3;3;3;3;3;3;3;3;3;3;3;2;2;2;2;2;2;2;2;2;2;2;2;2;2;2;2;1;1;2;2;2;2;1;0;1;0;1;1;0;0;1;0;0;0;0;0;0;0;0;0;0;0;0;30;20;14;18;40;45;25;42;2;1;2
3;3;3;2;3;2;300;10;6;3;2;2;2;3;3;2;2;2;1;2;1;1;2;1;1;3;3;1;2;3;3;3;3;3;3;2;3;3;3;4;2;4;1;3;1;1;2;1;1;2;3;1;2;1;1;2;2;2;1;2;1;1;1;2;2;1;1;1;1;1;1;1;1;1;2;1;0;0;0;0;0;1;0;0;0;0;0;0;0;0;0;0;0;1;0;0;0;16;9;6;6;18;29;29;29;2;0;0
4;2;2;5;2;4;300;60;7;5;6;6;5;7;5;1;1;2;5;4;4;3;4;4;3;5;2;5;4;1;1;2;1;3;1;1;1;1;1;4;4;5;4;5;3;4;2;2;1;2;5;4;2;4;2;1;4;4;2;1;4;3;4;3;2;3;4;3;4;4;3;3;3;3;3;3;2;1;2;0;2;3;0;2;2;3;2;3;3;1;1;2;2;1;1;3;2;19;22;12;4;43;51;13;66;14;8;16
4;1;3;2;1;3;100;60;6;3;2;3;2;6;6;2;2;2;1;3;3;4;4;3;3;4;1;2;2;3;2;2;2;2;1;2;2;2;2;4;3;4;2;4;4;2;4;4;4;3;4;2;3;3;2;1;1;2;2;2;3;4;1;3;2;1;3;2;1;2;1;2;3;2;1;1;0;1;1;1;2;2;2;1;1;1;2;2;0;2;0;1;0;2;1;0;0;14;10;12;6;30;50;20;42;11;6;5
5;5;5;5;4;5;250;90;7;6;5;6;4;5;5;4;3;3;4;4;4;4;4;4;4;4;3;4;4;2;2;2;2;2;2;2;2;2;2;4;3;4;3;3;2;3;4;4;3;3;4;3;2;4;1;2;2;1;2;2;1;1;2;1;1;1;2;1;3;1;1;1;1;1;1;2;1;0;0;0;1;1;0;0;0;0;0;1;0;0;0;0;0;0;0;0;0;29;21;10;10;43;49;20;31;3;0;1
5;3;5;2;4;4;816;90;7;2;2;4;2;7;7;2;2;2;3;5;2;2;5;2;2;4;5;2;3;1;1;1;2;2;0;2;1;1;2;4;4;4;3;4;4;4;4;3;5;3;5;4;3;4;3;1;3;2;3;2;3;2;2;2;3;1;4;2;2;3;3;3;3;3;3;3;1;2;0;1;2;1;1;1;0;1;0;1;1;0;0;0;1;1;0;0;1;23;10;14;6;35;58;13;56;5;4;6
5;4;5;4;4;5;220;180;7;6;4;6;2;7;7;6;5;6;3;4;4;4;4;4;3;4;4;3;4;2;2;2;2;2;2;2;2;3;2;4;2;3;3;4;4;4;4;3;3;3;4;3;4;3;2;2;2;2;3;3;3;1;3;2;2;1;2;3;3;3;3;2;2;1;2;2;1;0;1;0;1;1;0;1;2;1;2;2;2;2;2;2;2;2;1;2;0;27;18;14;17;41;51;21;49;11;7;9
5;4;5;5;5;5;800;65;7;7;5;5;3;6;6;5;3;2;5;5;5;5;4;5;5;5;5;5;5;3;0;2;3;2;0;3;0;2;3;5;4;5;5;5;5;5;5;5;5;5;5;5;5;5;3;2;3;2;4;2;4;2;1;3;4;2;3;1;3;4;3;3;2;3;3;1;0;0;1;1;3;2;1;2;2;1;1;0;2;0;2;1;2;1;2;1;2;29;20;12;10;54;74;18;58;6;9;12
5;3;4;4;3;4;200;75;7;5;5;5;4;7;4;3;3;4;5;4;5;2;5;5;4;5;5;5;5;2;2;3;3;2;2;3;1;2;2;5;5;5;2;4;1;3;4;4;4;3;5;1;1;3;3;1;2;1;1;1;2;1;1;3;4;4;4;4;3;3;2;4;1;1;2;1;0;0;0;0;2;0;0;1;0;0;0;0;0;1;0;0;0;1;0;0;0;23;19;11;10;50;50;22;49;3;0;2
2;1;1;1;1;1;100;5;4;2;2;2;2;3;2;2;5;2;4;3;5;4;4;4;4;4;2;4;4;1;0;2;2;2;1;2;0;1;1;4;5;4;4;5;4;4;4;5;4;4;5;4;4;5;2;3;3;2;3;2;4;1;3;4;3;1;4;1;3;4;3;3;3;3;2;3;3;2;1;1;2;2;0;2;2;2;2;3;1;2;1;1;2;1;0;0;1;7;8;5;9;42;65;12;60;15;6;10
2;3;2;4;4;4;52;10;5;4;3;5;3;3;3;3;2;3;4;3;4;1;2;4;3;4;3;4;2;1;1;2;2;2;1;1;0;1;0;5;5;5;3;5;4;4;4;5;3;3;5;4;4;4;3;3;4;3;1;2;2;1;2;1;1;1;3;2;2;2;4;3;4;1;1;1;1;0;1;0;2;0;0;1;1;1;2;2;2;2;0;1;1;1;0;0;2;19;15;6;8;34;63;11;47;9;1;10
4;2;4;4;2;2;200;30;7;4;3;5;2;1;3;4;4;3;2;2;2;2;2;2;2;2;3;2;2;1;1;1;1;1;1;1;1;1;1;4;5;4;4;4;4;4;4;5;3;4;4;5;4;5;2;3;3;3;3;3;3;3;3;3;3;2;2;3;3;3;3;3;3;3;3;3;1;1;1;1;2;1;1;1;1;2;1;2;2;1;1;2;2;2;1;2;2;18;14;4;11;23;63;10;63;9;8;13
3;3;3;2;2;1;145;1;6;3;2;3;2;5;5;2;2;2;1;3;1;2;4;2;2;3;4;2;2;2;2;2;3;2;1;2;0;1;2;3;3;4;2;3;3;1;3;4;3;3;2;4;2;2;2;1;2;2;1;2;3;2;2;3;3;2;2;2;1;2;2;2;2;3;2;3;1;1;0;0;0;1;0;0;1;0;0;1;1;1;1;1;0;2;1;0;0;14;10;10;6;26;42;17;46;6;4;2
4;2;2;3;1;2;270;120;6;3;2;2;2;1;5;2;2;2;4;2;2;3;2;4;3;2;3;4;2;2;2;2;2;2;2;2;2;2;2;4;3;3;2;3;4;4;4;4;2;3;4;2;3;4;2;2;2;2;1;4;2;3;2;2;2;1;1;2;3;3;2;1;4;2;2;1;1;0;1;0;2;1;0;0;1;2;0;1;1;1;0;1;0;0;0;0;1;14;9;6;6;31;49;20;46;4;1;8
4;3;4;2;2;3;150;100;6;6;5;6;6;5;5;2;2;2;4;4;4;4;4;4;4;4;2;4;5;1;0;1;1;1;0;2;0;2;1;4;5;5;4;4;5;4;5;4;3;4;5;4;4;4;3;4;3;3;3;4;4;3;3;3;3;1;3;3;3;3;3;3;4;3;3;3;3;1;2;1;2;3;0;2;2;2;2;2;2;2;2;2;2;2;1;1;2;18;23;10;6;43;64;9;68;16;8;14
4;3;4;4;4;5;60;30;7;2;2;1;1;5;5;2;2;2;2;2;2;2;4;2;2;2;4;3;1;3;3;3;3;3;3;3;3;3;3;4;2;3;2;5;3;2;5;4;3;2;2;2;3;2;1;1;1;1;1;1;1;1;1;1;1;1;2;1;1;1;1;1;1;1;1;1;0;0;0;0;0;0;0;0;0;0;0;0;0;0;0;0;0;0;0;0;0;24;6;10;6;26;44;30;23;0;0;0
5;3;5;2;2;3;400;20;7;6;5;6;5;5;5;2;2;2;4;3;4;3;2;4;3;2;3;4;4;2;1;3;3;3;1;3;1;3;3;5;3;5;3;5;5;3;5;4;2;2;5;4;4;4;1;2;3;3;2;2;2;1;2;1;1;2;3;3;2;3;2;3;2;2;3;3;2;1;1;0;1;2;0;1;1;0;2;2;1;0;0;1;0;2;0;0;1;20;22;10;6;36;59;23;48;11;2;5
2;3;4;4;4;2;350;60;6;4;3;3;3;2;2;3;1;1;4;3;2;4;3;5;4;3;3;5;4;1;1;2;1;1;0;3;1;0;1;5;2;3;4;4;2;3;4;5;4;4;5;3;2;5;2;1;2;1;2;4;3;2;3;2;1;1;2;1;3;2;3;2;3;3;1;3;1;0;1;0;3;2;0;1;0;1;0;2;0;0;0;2;0;0;0;1;1;19;13;4;5;40;55;11;47;6;1;8
2;3;2;2;3;2;300;4;5;4;4;4;4;1;1;2;2;2;4;4;4;4;4;3;3;4;4;4;2;3;2;2;2;2;2;2;2;2;2;3;4;5;2;4;3;3;4;2;4;2;4;3;2;3;1;2;3;3;2;2;1;1;2;2;2;1;3;2;1;2;1;2;2;1;1;2;0;1;0;0;1;0;0;0;0;0;1;1;0;1;0;0;0;1;0;0;0;14;16;2;6;40;48;21;39;4;1;1
4;3;4;4;3;2;500;3;6;3;3;3;3;4;4;2;2;2;4;3;4;4;3;4;3;2;3;4;4;2;2;3;3;2;3;2;1;3;3;4;3;4;2;3;4;3;4;4;3;2;3;4;4;2;2;2;2;3;3;1;3;1;2;2;2;4;3;2;4;3;2;2;2;3;3;2;2;2;0;0;0;2;0;1;1;1;1;0;1;1;0;0;0;2;0;0;0;20;12;8;6;38;49;24;53;9;3;2
5;3;5;4;4;3;635;20;7;5;5;4;3;7;7;3;3;3;5;5;4;3;4;4;4;4;5;4;4;0;0;3;2;0;0;2;0;0;1;4;5;5;3;4;5;5;5;5;4;4;5;5;5;4;3;2;2;2;2;2;3;3;2;4;2;2;4;2;4;4;2;3;2;2;2;2;1;0;0;1;1;1;0;2;1;1;1;1;1;1;1;0;1;1;1;1;1;24;17;14;9;46;68;8;56;8;5;5
4;1;4;3;2;2;200;60;7;4;4;3;3;7;7;4;2;3;4;5;3;4;4;4;3;4;4;3;2;1;2;0;1;1;2;1;2;1;0;3;4;4;3;5;4;3;4;3;2;4;4;3;3;3;3;2;3;4;3;3;3;2;3;3;4;3;3;3;4;3;4;3;3;4;4;3;2;2;1;2;2;2;3;2;2;2;1;1;1;2;3;2;2;2;2;2;1;16;14;14;9;40;52;11;70;12;16;11
4;1;3;3;3;4;600;3;6;4;3;4;3;5;5;3;2;2;4;4;4;4;3;3;3;3;3;3;3;3;2;2;2;3;3;0;2;2;3;3;2;4;3;3;3;3;4;4;3;3;3;3;3;3;1;1;2;2;2;2;1;1;2;2;2;2;2;1;1;1;1;1;1;1;1;1;1;0;0;0;0;1;0;2;1;1;0;1;0;0;0;0;0;0;0;0;0;18;14;10;7;37;47;22;31;5;1;1
4;3;4;4;4;4;400;30;6;4;2;4;2;7;7;2;2;2;4;2;4;2;2;4;2;2;4;4;1;3;3;3;3;3;2;3;3;3;3;5;2;5;2;2;4;2;4;2;4;2;5;4;2;4;2;1;3;2;2;3;1;1;1;2;1;1;3;2;2;1;3;2;2;1;1;1;1;0;0;0;0;0;0;2;0;0;1;2;0;1;1;0;0;1;0;0;0;23;12;14;6;31;49;29;38;8;1;0
5;2;3;2;1;1;600;60;5;2;5;3;5;6;4;5;5;3;4;2;3;3;3;2;1;2;2;2;3;1;1;0;1;0;0;2;3;3;2;4;4;2;2;3;5;5;4;4;3;3;1;5;2;5;3;2;3;3;3;3;4;2;3;3;1;2;2;1;3;3;4;2;4;3;3;3;1;2;1;0;2;2;1;3;3;3;3;1;2;1;2;0;0;0;0;2;1;14;15;10;13;27;52;13;60;11;10;9
5;5;5;4;4;4;234;6;7;5;4;4;5;3;3;3;3;3;4;4;4;4;5;4;4;4;4;4;4;2;2;2;2;2;2;2;1;2;2;4;2;4;5;4;4;4;4;2;4;2;4;2;3;2;1;3;3;3;3;3;3;2;3;3;3;3;4;3;3;3;2;3;3;3;3;2;1;0;0;0;2;1;0;1;2;1;1;1;1;1;1;1;1;1;1;0;1;27;18;6;9;45;50;19;62;7;4;7
2;2;2;2;2;4;74;2;4;3;2;2;1;4;4;1;2;1;2;3;2;2;2;2;2;2;3;2;1;3;2;3;3;2;2;3;2;2;3;3;3;1;2;4;3;1;5;2;1;4;3;1;1;4;1;2;2;1;1;2;2;1;1;1;2;1;2;1;1;1;1;2;3;2;2;1;0;0;0;0;1;0;0;0;0;0;0;0;0;0;0;0;0;0;0;0;0;14;8;8;4;23;38;25;33;0;0;1
2;2;1;1;2;1;400;5;5;2;1;3;1;5;1;1;1;1;2;2;3;2;3;2;2;2;2;2;2;2;2;2;2;2;2;2;1;2;2;2;2;3;1;3;1;1;3;2;2;1;2;2;1;2;1;2;3;2;2;2;3;2;1;3;2;2;3;2;1;3;1;1;1;3;2;2;1;0;1;2;1;1;0;1;0;0;1;1;0;2;2;0;0;1;1;1;0;9;7;6;3;24;28;19;44;8;6;2
4;1;3;1;1;1;290;2;4;4;2;3;1;4;5;1;1;1;3;1;1;1;1;2;1;1;1;1;2;2;3;2;3;3;3;2;3;3;3;4;2;5;1;4;3;1;2;2;1;2;4;2;2;2;1;1;1;1;1;1;1;1;1;1;1;1;1;1;1;1;1;1;1;1;1;1;0;0;0;0;0;0;0;0;0;0;0;1;0;0;0;0;0;0;0;0;0;11;10;9;3;15;37;27;22;1;0;0
4;2;4;3;4;3;40;70;7;4;5;3;3;7;7;3;3;3;4;5;5;5;5;5;5;5;5;5;5;3;1;2;2;3;1;3;2;3;3;2;3;4;1;1;1;1;3;2;1;1;5;1;1;1;2;3;2;3;1;1;1;2;1;1;2;2;2;3;1;1;2;2;2;2;2;1;0;1;1;1;1;0;1;0;0;0;0;0;1;1;0;1;0;0;2;0;0;20;15;14;9;54;28;23;39;1;5;4
5;5;5;5;5;5;355;135;7;7;7;7;7;6;5;6;6;7;4;5;5;4;5;5;3;5;5;5;4;0;0;0;0;0;0;0;3;0;0;5;2;5;3;5;5;5;5;2;5;2;5;3;4;4;2;2;3;1;4;2;4;2;4;4;4;4;4;1;1;2;2;3;1;4;4;2;3;2;0;0;0;0;0;1;1;0;0;0;0;0;0;1;0;0;0;0;0;30;28;11;19;50;60;3;60;4;3;1
2;1;1;1;1;1;378;20;3;2;1;2;1;4;4;2;2;2;2;1;1;1;1;1;2;1;2;1;2;2;2;3;1;2;2;2;0;1;3;3;5;2;2;3;4;2;3;4;3;4;2;3;3;3;1;1;2;2;3;2;1;2;3;2;2;2;3;2;1;3;1;2;2;3;2;3;0;0;1;0;1;0;1;1;1;0;1;0;1;0;1;1;0;2;1;1;0;7;6;8;6;15;46;18;45;4;5;4
5;3;5;5;2;3;68;20;7;4;3;4;3;3;2;4;4;4;4;2;3;3;4;3;3;4;3;4;3;0;0;1;1;0;0;2;1;0;0;4;5;5;3;4;2;3;4;4;3;3;5;5;2;5;1;2;3;3;2;4;2;1;4;4;2;1;2;2;4;4;4;3;4;2;1;2;1;0;1;0;3;1;0;0;0;1;2;3;2;0;1;2;1;1;1;0;1;23;14;5;12;36;57;5;57;8;2;11
2;3;2;2;4;3;350;5;5;5;3;3;2;1;2;2;2;2;3;4;2;3;5;4;3;5;3;4;4;2;3;3;2;2;2;2;1;2;2;4;4;4;4;5;2;4;5;5;3;2;4;4;3;3;2;1;2;1;1;2;3;1;2;2;2;3;3;2;2;2;2;1;1;2;2;2;0;0;0;0;0;1;0;0;1;0;0;0;1;0;1;0;0;0;0;0;0;16;13;3;6;40;56;21;41;1;2;1
5;4;4;4;4;5;178;30;6;5;3;5;4;6;5;5;6;5;4;5;4;3;4;4;3;4;4;3;2;2;1;1;2;0;1;2;2;1;3;3;2;5;4;4;3;2;4;3;2;3;4;3;2;3;2;3;2;1;2;2;3;2;3;2;1;2;2;3;4;3;2;1;2;2;3;2;2;1;2;3;2;1;0;1;2;2;1;2;1;3;2;2;1;2;3;2;1;26;17;11;16;40;47;15;49;12;13;11
4;3;4;4;3;4;300;60;5;4;2;3;2;7;7;5;3;5;3;4;4;3;4;4;4;4;4;4;3;2;2;3;3;2;2;3;2;3;2;4;3;4;3;4;3;2;4;3;3;2;4;3;2;3;2;1;2;2;1;2;3;1;2;2;3;1;2;1;1;1;2;2;2;3;3;1;1;0;1;0;1;0;0;0;0;1;0;1;1;0;0;1;0;0;0;0;1;22;11;14;13;41;47;24;40;2;0;6
4;3;4;4;3;4;104;25;7;4;3;5;2;5;7;5;5;5;4;2;2;4;4;3;4;4;4;3;4;1;2;2;2;2;1;2;1;2;1;3;4;4;4;4;4;4;4;4;3;4;4;3;3;4;3;3;1;2;1;4;4;3;4;4;3;1;4;2;1;3;3;4;4;4;2;3;1;0;2;0;3;2;0;1;1;2;2;1;2;0;0;3;3;2;0;0;2;22;14;12;15;38;56;16;63;9;1;17
4;4;3;2;4;3;620;20;5;4;3;3;2;3;3;3;2;2;4;3;4;2;4;4;4;4;3;4;4;2;2;1;2;3;3;2;1;3;2;4;3;3;4;4;3;4;2;2;3;3;2;2;3;2;2;3;2;1;3;2;4;2;2;1;2;1;3;2;3;2;1;2;3;2;3;3;1;0;2;2;1;1;2;1;1;2;1;2;1;0;1;2;2;1;2;1;1;20;12;6;7;40;44;21;49;7;9;11
4;3;4;4;4;4;50;10;3;3;3;3;3;1;1;2;2;2;4;4;4;4;4;4;4;4;4;4;4;2;2;2;3;2;2;2;2;2;2;4;4;3;3;3;2;3;4;4;3;4;3;4;3;4;1;1;1;1;1;1;2;1;1;1;1;1;1;1;2;1;1;2;1;1;1;1;0;1;0;0;0;0;0;0;0;0;0;0;0;0;0;0;0;0;0;0;0;23;12;2;6;44;51;21;25;0;1;0
1;1;1;2;1;1;2000;30;3;3;1;2;2;5;5;2;2;2;4;3;4;4;4;4;4;4;4;4;4;3;1;3;3;3;1;3;1;2;2;5;4;5;4;5;4;4;4;4;4;4;4;3;4;4;3;2;4;2;1;3;2;3;2;2;2;1;2;1;1;2;2;2;2;2;2;1;2;1;0;0;1;0;0;0;1;0;2;2;0;1;0;0;0;2;1;1;0;7;8;10;6;43;62;22;44;9;4;1
4;3;5;4;3;3;120;200;7;6;7;5;5;7;7;5;2;5;3;4;5;2;4;4;4;4;5;4;2;1;0;2;2;0;0;0;0;0;1;3;5;3;5;5;3;5;5;5;4;5;4;5;5;5;3;2;2;4;3;3;3;1;3;3;1;4;4;4;3;4;3;3;4;4;3;3;2;0;2;1;3;1;3;3;3;2;2;2;2;3;3;3;3;3;3;3;1;22;23;14;12;41;67;6;67;16;16;16
3;3;2;1;2;3;4;15;4;3;3;3;4;4;3;1;1;1;3;2;3;2;3;1;3;3;3;2;3;2;2;2;2;1;2;2;1;3;2;4;1;3;2;3;4;3;4;3;4;3;3;3;4;1;2;1;2;3;3;3;4;4;2;2;3;2;2;3;2;3;1;2;2;3;4;4;0;1;1;0;2;2;1;1;1;2;2;3;2;1;0;1;1;1;2;2;3;14;13;7;3;28;45;19;57;10;7;12
2;1;1;1;1;1;15;10;3;3;3;3;3;2;2;1;1;1;4;1;2;1;4;4;1;5;1;2;1;1;1;2;3;3;1;3;0;2;0;4;5;5;2;5;4;4;5;4;2;4;5;4;2;5;3;2;2;2;3;2;3;2;2;2;3;1;3;2;3;2;3;2;2;2;3;2;3;1;2;1;0;1;0;3;2;2;3;3;3;3;2;2;1;1;1;1;2;7;12;4;3;26;60;16;51;17;8;12
2;3;3;1;1;2;83;10;4;4;1;4;4;1;1;4;4;4;2;2;2;2;2;4;2;2;2;4;2;1;0;1;1;0;0;1;0;0;1;3;2;3;3;3;3;3;2;3;3;3;3;3;3;3;4;3;3;3;3;3;3;3;3;3;3;3;3;3;3;3;3;3;3;3;3;3;2;2;2;2;2;2;2;3;2;2;2;2;2;2;2;2;2;2;2;2;2;12;13;2;12;26;43;5;67;15;14;14
3;3;2;3;2;4;15;30;6;5;6;5;5;1;1;3;5;4;4;3;3;2;3;4;3;3;4;4;3;2;2;2;2;2;2;2;1;2;2;2;3;3;3;4;3;2;3;3;4;3;3;3;4;3;2;3;2;2;3;2;1;1;2;3;2;2;2;2;3;1;2;3;2;1;3;2;1;2;2;1;2;2;0;2;0;1;0;2;0;0;1;0;0;2;0;1;2;17;21;2;12;36;46;19;46;9;5;7
4;1;4;1;1;3;300;15;6;3;1;1;1;3;3;1;1;1;3;2;1;2;1;3;1;4;3;3;3;2;2;2;2;1;1;2;2;2;2;4;4;3;1;3;1;1;1;3;4;3;3;1;1;3;1;3;2;2;1;2;1;1;2;2;1;1;1;2;2;2;1;1;2;2;3;1;0;0;1;0;2;1;0;1;0;1;1;0;1;1;0;0;1;0;0;0;1;14;6;6;3;26;36;18;36;4;0;7
5;3;5;4;4;3;125;120;7;7;4;7;4;6;5;6;5;4;5;3;5;2;4;5;5;2;5;5;5;1;0;1;1;0;1;1;0;1;0;5;5;4;5;5;5;5;3;5;5;4;3;5;5;5;4;1;2;4;1;4;2;1;1;2;1;1;3;4;1;3;1;4;2;1;1;1;1;2;3;0;2;3;2;0;3;0;2;3;1;0;0;1;3;0;0;0;0;24;22;11;15;46;69;6;45;9;7;10
5;3;5;5;4;5;170;30;7;2;2;2;2;2;6;2;2;4;4;4;4;3;4;4;3;4;5;4;4;2;0;2;2;2;0;2;2;2;2;5;5;5;4;5;3;4;5;5;4;4;5;4;4;4;2;1;3;3;1;2;4;1;3;3;3;1;4;3;2;4;3;4;2;4;2;4;2;0;0;0;1;2;0;0;0;0;2;2;2;0;0;0;1;1;0;0;0;27;8;8;8;43;66;16;59;9;0;4
4;3;4;4;3;4;60;30;7;3;2;3;1;5;5;2;2;1;4;2;2;2;2;4;1;1;3;4;4;1;1;2;2;2;1;2;1;2;2;4;4;4;2;3;2;2;4;4;1;3;4;2;2;4;3;2;3;4;2;4;2;2;3;3;1;1;3;3;2;3;2;3;3;2;1;2;1;0;1;1;2;1;0;0;0;1;1;2;1;1;0;1;0;2;1;0;1;22;9;10;5;29;45;16;54;8;2;7
2;2;2;2;2;1;110;5;6;3;2;2;1;1;2;2;2;2;4;2;3;4;4;4;3;2;2;2;4;0;0;1;2;0;0;1;1;0;1;2;4;4;1;2;5;2;4;4;2;3;4;4;4;4;1;1;2;2;2;3;2;1;2;3;2;2;2;2;3;2;3;3;3;2;2;2;1;2;1;0;2;0;0;0;0;2;2;2;3;1;0;1;3;1;0;0;2;11;8;3;6;34;49;6;47;7;2;14
5;5;5;5;5;5;115;120;7;7;2;7;1;5;5;4;5;5;5;5;5;5;5;5;5;5;5;1;5;2;1;2;2;2;1;2;1;2;2;4;4;2;5;5;4;4;4;5;4;5;4;5;4;5;1;2;3;3;3;3;3;3;3;3;1;1;3;3;3;3;3;3;3;3;1;3;1;2;1;0;2;2;0;0;2;0;1;1;1;0;0;1;1;1;0;0;0;30;17;10;14;51;64;17;57;6;4;6
5;4;4;4;4;4;290;240;7;5;4;5;4;7;7;3;4;3;2;4;3;3;4;4;4;4;4;4;2;2;0;2;2;2;0;1;1;2;1;3;4;2;3;4;3;2;4;5;3;2;5;5;4;5;3;2;4;3;2;3;2;3;3;4;3;1;2;3;3;4;3;3;3;3;3;4;3;1;2;2;2;3;2;2;1;2;2;2;2;2;2;2;2;3;1;2;1;25;18;14;10;38;54;13;64;17;11;13
4;2;4;5;2;2;350;30;7;4;3;5;4;5;5;1;2;2;5;4;4;2;4;5;4;4;3;4;5;1;0;2;1;1;1;2;0;2;1;5;4;5;4;5;4;4;5;4;3;4;5;3;4;4;2;2;3;3;1;2;3;3;3;3;3;2;4;2;2;3;2;2;3;4;2;1;1;1;1;0;0;2;0;2;0;1;2;2;2;0;0;1;1;2;1;0;0;19;16;10;5;44;63;11;55;11;2;6
5;2;4;4;2;4;200;30;6;5;4;5;5;6;6;1;3;3;4;4;4;3;5;4;4;3;2;3;4;2;1;3;2;2;1;2;1;2;2;4;3;4;4;4;2;4;5;4;3;3;4;2;2;3;2;3;2;2;2;2;3;1;1;2;3;2;3;2;2;2;2;2;1;2;3;2;1;0;0;1;1;1;1;2;2;1;1;1;1;0;2;1;1;1;0;1;0;21;19;12;7;40;51;18;46;7;7;5
2;2;2;2;1;1;250;1;2;2;1;1;1;3;3;1;1;1;1;2;1;1;1;1;1;1;1;5;1;3;2;3;3;3;3;3;1;3;3;4;3;4;4;4;4;4;4;4;3;3;4;2;3;4;1;1;2;2;1;1;2;1;2;2;1;2;2;1;1;2;1;2;1;1;1;1;2;0;0;0;0;0;0;0;0;0;0;0;0;0;0;0;0;0;0;0;0;10;5;6;3;16;54;27;31;2;0;0
5;4;5;5;4;5;350;360;3;5;6;7;6;6;6;2;3;3;3;4;4;4;4;4;4;3;2;4;4;2;2;2;3;2;2;2;2;3;2;3;4;4;3;4;4;4;5;4;3;4;4;2;3;4;2;2;3;2;2;2;3;1;3;3;2;1;3;4;4;3;2;3;3;1;1;2;2;1;0;1;1;2;0;1;2;0;2;1;1;1;2;2;1;0;1;0;1;28;24;12;8;40;55;22;52;9;7;6
4;2;5;4;3;2;59;120;6;4;2;3;1;6;5;5;3;2;5;4;4;3;4;4;4;4;4;4;4;1;0;1;1;0;0;1;1;0;0;5;5;5;5;4;5;4;4;5;5;4;5;5;5;5;3;4;4;4;4;4;4;4;4;4;4;4;4;4;4;4;4;4;4;4;4;4;3;1;3;2;3;3;1;2;3;3;3;3;3;3;1;3;3;3;2;2;3;20;10;11;10;44;71;5;87;20;12;21
4;3;4;4;2;2;200;240;6;4;3;4;3;7;7;1;1;1;4;3;5;3;3;5;4;5;3;5;5;1;0;2;1;0;0;0;1;0;0;3;5;4;4;4;3;4;2;5;4;4;5;4;2;5;3;4;2;2;2;4;4;3;3;3;3;2;4;3;3;4;3;4;4;4;3;4;2;1;2;1;3;3;1;2;3;3;2;2;3;2;2;3;3;1;1;1;3;19;14;14;3;45;58;5;71;14;10;20
5;4;5;4;2;3;350;300;7;4;5;4;4;7;7;1;1;1;1;2;2;2;1;1;1;1;1;1;1;1;0;1;2;1;1;2;2;1;1;4;4;4;2;3;4;2;4;3;2;3;4;4;3;4;3;3;3;3;3;3;2;3;3;3;2;1;3;3;3;3;2;3;3;3;2;3;2;2;2;2;2;2;2;2;2;2;2;2;2;1;2;2;1;2;2;1;3;23;17;14;3;14;50;12;60;13;13;14
1;1;1;1;1;2;50;0;2;2;1;2;1;2;2;1;1;1;2;1;1;1;1;2;1;1;1;2;1;3;3;3;3;3;3;3;2;3;3;2;1;3;2;2;1;1;3;1;1;3;3;1;1;1;1;3;1;2;1;2;3;1;2;1;2;4;2;2;1;1;1;1;1;2;3;1;0;0;0;0;0;0;0;0;0;0;0;0;0;0;0;0;0;0;0;0;0;7;6;4;3;14;26;29;38;0;0;0
4;2;4;4;3;3;150;200;6;1;1;1;1;6;6;1;1;1;2;3;4;4;4;3;3;4;4;4;3;1;1;2;2;1;1;2;1;1;1;4;3;4;3;4;4;4;5;4;3;3;4;3;3;4;2;2;2;2;3;3;2;2;2;2;2;2;2;3;3;3;2;2;2;2;3;3;1;1;1;0;0;1;0;0;1;1;0;1;0;0;0;1;0;0;0;0;1;20;4;12;3;38;55;13;51;3;2;4
5;4;5;3;3;3;300;20;6;5;3;4;4;7;7;3;2;4;5;4;3;5;4;1;3;4;4;4;3;3;3;3;3;3;3;3;2;2;3;4;4;4;1;4;3;3;2;4;3;2;2;4;2;4;1;1;2;1;1;1;1;1;1;1;1;2;2;1;1;1;1;1;1;1;1;1;0;1;0;0;0;0;0;0;0;0;0;0;0;0;0;0;0;0;0;0;0;23;16;14;9;40;46;28;25;0;1;0
4;3;4;5;3;4;8;20;7;2;2;4;2;7;7;5;3;3;4;3;3;4;3;4;3;3;4;4;4;0;0;1;2;0;0;2;0;0;0;5;5;5;4;3;4;4;4;5;2;3;5;3;4;5;3;4;4;3;4;4;3;1;4;3;3;1;2;3;4;3;3;4;2;4;2;4;1;0;0;0;2;0;0;0;0;2;0;1;2;2;0;0;3;1;0;0;3;23;10;14;11;39;61;5;68;5;0;12
2;3;2;1;2;2;81;5;4;3;3;4;2;3;3;1;1;1;4;3;2;1;3;4;4;2;3;4;4;3;3;3;3;3;3;3;3;3;3;5;2;4;1;3;1;1;3;2;3;2;4;1;2;3;1;2;1;2;1;3;4;1;1;1;3;1;3;2;1;1;3;1;2;4;4;3;0;0;0;0;0;0;0;0;0;0;0;0;0;0;0;0;0;0;0;0;0;12;12;6;3;34;37;30;45;0;0;0
4;2;4;4;2;5;300;20;7;3;2;4;3;6;6;2;3;3;1;2;1;1;2;1;1;1;3;1;1;2;2;3;3;2;3;3;1;2;2;5;4;4;3;4;2;4;4;4;4;3;5;3;3;4;1;2;2;2;2;2;2;1;3;2;2;2;4;2;2;2;2;2;2;2;2;1;1;1;1;1;1;1;0;0;0;0;1;1;1;1;0;1;0;1;1;1;0;21;12;12;8;15;56;23;44;6;4;4
3;3;4;4;3;4;65;10;6;5;2;4;2;3;3;2;3;4;4;5;3;4;4;4;4;3;3;5;3;2;1;3;2;2;1;2;1;2;2;4;4;4;3;5;3;4;5;3;4;3;4;4;3;3;2;1;2;1;3;2;1;2;2;1;1;1;3;1;2;3;2;2;2;1;2;1;1;0;1;0;1;1;0;2;1;1;0;1;1;1;0;1;0;0;1;0;0;21;13;6;9;42;56;18;38;6;2;5
5;3;4;3;3;3;300;60;7;5;3;4;3;7;7;2;2;1;2;4;3;4;4;4;3;3;5;4;3;2;2;2;3;2;2;2;2;3;3;3;3;4;4;5;4;4;5;4;3;3;4;3;4;3;3;1;2;2;1;2;3;1;1;2;3;3;4;1;1;1;3;2;2;1;4;2;3;2;0;0;1;0;0;0;0;0;0;2;0;0;0;0;0;0;0;0;0;21;15;14;5;39;56;23;45;5;2;1
5;2;5;5;2;5;350;40;7;5;3;4;2;7;6;3;3;3;1;4;1;1;1;2;1;2;4;1;1;3;3;3;3;3;3;3;3;3;3;5;4;4;4;5;4;4;4;4;5;3;4;2;4;3;1;1;1;1;1;1;1;1;1;1;1;1;3;2;1;1;1;2;1;1;1;1;0;0;0;0;1;0;0;0;0;0;0;1;0;0;0;0;0;0;0;0;0;24;14;13;9;19;59;30;26;1;0;1
4;3;4;4;5;4;180;300;5;5;5;6;6;5;5;7;7;6;5;4;4;4;4;3;3;5;4;2;4;2;1;2;1;3;3;0;2;1;2;2;2;3;3;3;4;3;3;3;4;3;2;4;4;2;3;3;2;2;2;3;4;3;3;4;4;2;2;3;2;2;2;3;3;3;2;4;2;2;1;2;3;2;2;1;1;1;1;1;0;2;1;3;2;2;2;0;0;24;22;10;20;42;45;17;61;11;10;10
1;1;1;1;1;5;44;1;2;1;1;1;1;1;1;1;1;1;1;1;1;1;1;1;1;1;1;1;1;2;3;2;2;3;3;2;2;3;2;3;3;4;3;3;3;3;3;3;3;4;3;3;3;3;1;1;2;2;2;2;2;2;1;1;1;1;2;1;1;1;1;1;1;1;1;1;0;0;0;0;0;0;0;0;0;0;0;1;0;0;0;0;0;1;0;0;0;10;4;2;3;11;47;24;29;2;0;0
5;3;5;4;2;2;230;15;6;3;2;3;1;2;2;1;2;2;4;4;4;3;4;4;4;4;1;4;4;2;1;3;3;2;1;2;2;1;1;3;4;4;4;4;5;4;5;4;3;4;4;4;4;5;3;3;3;3;3;3;3;3;3;3;1;1;3;3;2;3;3;3;3;3;1;1;1;0;1;0;2;1;0;0;1;1;1;1;2;1;0;2;2;1;0;0;2;21;9;4;5;40;61;18;57;6;1;12
5;3;5;4;2;4;88;50;7;3;2;6;4;5;5;3;2;3;5;2;4;2;4;5;4;5;5;5;5;0;0;2;2;0;0;1;1;0;1;4;4;5;2;3;1;2;2;3;3;2;5;2;1;3;4;1;3;3;4;4;1;2;3;1;4;1;2;3;4;4;4;2;3;1;2;3;2;1;1;0;3;0;1;2;0;3;2;2;3;0;2;3;3;0;2;0;0;23;15;10;8;46;42;7;59;8;6;16
5;1;5;4;1;1;180;240;7;4;5;4;5;7;7;3;2;3;3;5;4;1;5;4;4;4;3;4;1;3;3;3;3;3;3;3;3;3;3;5;1;5;1;1;2;1;3;1;1;2;5;1;2;1;1;2;2;3;2;4;2;1;2;2;2;1;3;2;4;2;1;2;3;2;2;1;0;1;1;0;2;1;0;1;0;1;1;1;1;2;1;1;0;0;2;2;0;17;18;14;8;38;32;30;46;6;6;6
4;3;5;4;4;3;400;30;6;6;4;5;3;7;7;2;2;1;5;4;4;2;4;3;3;4;5;4;4;3;3;3;2;3;1;3;2;3;3;4;2;5;3;4;4;2;5;3;4;4;4;3;4;3;1;1;2;3;1;2;1;1;2;1;3;1;2;2;1;1;1;2;1;1;1;1;1;0;0;0;1;0;1;1;1;0;0;2;0;0;0;0;0;0;0;0;0;23;18;14;5;42;54;26;32;4;2;1
2;2;1;3;1;3;30;5;3;4;3;3;2;2;1;1;1;2;2;4;4;3;5;4;4;4;4;4;2;1;1;3;2;1;1;1;0;1;1;3;4;1;4;4;4;1;4;2;3;1;5;4;3;2;3;4;3;2;3;4;3;4;3;4;3;1;3;2;4;3;3;4;4;3;3;2;3;1;1;2;3;1;0;1;0;3;2;3;3;2;2;3;2;0;2;2;1;12;12;3;4;40;45;12;68;12;9;16
5;3;5;4;3;4;620;60;7;6;4;7;3;3;6;3;3;3;4;4;2;2;2;4;2;2;5;4;3;1;1;2;2;2;1;2;2;2;1;4;4;2;2;4;4;2;4;4;2;2;4;3;2;2;2;1;4;2;1;3;2;2;2;1;1;1;2;1;1;1;2;2;2;1;1;2;1;0;1;0;1;0;0;0;0;1;0;0;1;0;0;2;0;0;0;0;1;24;20;9;9;34;45;16;37;1;0;7
1;1;1;4;2;2;16;5;4;4;2;5;5;3;3;1;2;2;2;4;1;2;4;3;2;4;2;2;1;2;1;3;2;2;1;3;1;2;2;4;4;4;1;1;1;1;3;5;1;3;4;3;1;4;1;1;2;1;2;3;2;1;2;3;2;1;2;1;2;3;1;2;3;1;3;2;0;0;0;0;0;1;0;0;0;0;1;0;1;0;0;0;0;1;0;0;0;11;16;6;5;27;40;19;41;3;0;1
4;3;3;2;4;4;400;30;6;3;5;5;3;5;5;2;2;2;3;4;4;3;4;4;4;3;4;2;4;1;2;2;2;2;2;2;2;2;2;3;2;4;3;3;2;2;2;2;3;2;4;2;2;3;3;2;2;3;2;3;4;2;3;4;3;1;4;3;2;2;2;2;3;2;3;2;1;2;1;0;2;1;2;2;1;1;2;1;1;1;1;1;1;1;2;0;0;20;16;10;6;39;39;19;57;9;8;7
4;3;4;4;3;3;4000;100;7;3;3;4;1;3;3;1;2;3;3;3;3;3;3;3;3;3;4;3;3;1;1;1;1;1;1;2;1;1;1;4;5;3;2;3;2;2;3;4;2;3;5;4;2;4;3;3;2;2;3;3;2;2;3;2;2;1;2;2;2;3;3;3;3;2;1;2;2;0;2;1;1;0;0;1;1;2;0;1;2;0;0;1;1;0;0;0;1;21;11;6;6;34;48;11;51;4;2;10
3;3;3;4;3;4;200;20;5;4;4;5;5;5;5;2;2;2;2;2;2;2;3;2;3;3;3;3;2;2;2;2;2;2;3;2;2;3;2;3;3;4;3;3;2;2;2;3;1;3;4;3;3;2;1;1;1;1;1;1;1;1;1;1;1;1;1;1;1;1;1;1;1;1;1;1;0;0;0;0;0;0;0;0;0;0;0;0;0;0;0;0;0;0;0;0;0;20;18;10;6;27;41;22;22;0;0;0
3;2;2;2;2;1;265;2;4;4;2;4;2;4;3;3;2;2;2;3;4;3;2;5;3;3;2;2;2;2;1;2;2;2;2;2;1;1;3;5;3;5;3;4;3;3;4;3;4;2;5;3;2;3;3;4;1;2;2;1;2;2;2;3;2;2;3;2;2;2;1;2;3;2;3;1;1;0;1;1;1;1;0;0;1;1;1;1;1;1;1;1;0;1;1;1;2;12;12;7;7;31;52;18;47;6;5;7
2;1;2;2;2;2;0;5;5;1;1;1;1;1;2;1;1;1;4;2;2;4;4;3;4;4;1;3;1;1;1;2;2;2;1;2;1;2;2;2;3;4;2;3;2;2;3;4;3;2;4;2;2;3;3;2;4;3;2;2;3;3;3;3;2;1;3;2;1;3;3;3;2;2;1;2;3;1;1;0;1;2;1;2;2;2;2;3;2;1;2;1;0;0;2;2;0;11;4;3;3;32;41;16;53;13;10;7
5;5;5;5;4;5;57;70;7;4;3;5;4;5;5;6;5;5;4;5;5;4;5;5;5;5;5;5;4;2;3;3;2;3;3;3;1;3;3;4;1;5;1;5;1;2;4;1;2;4;5;1;1;1;1;1;1;1;1;1;2;1;1;1;3;1;4;1;1;3;1;2;1;1;1;1;0;0;0;0;0;0;0;0;0;0;0;0;0;0;0;0;0;0;0;0;0;29;16;10;16;52;38;26;31;0;0;0
2;3;2;1;1;3;115;30;5;4;3;2;3;5;4;1;1;1;1;1;1;1;2;1;1;1;1;1;1;3;3;3;3;3;3;3;3;3;3;3;1;1;1;3;3;1;5;1;1;1;3;1;4;1;2;2;2;3;1;2;2;1;2;2;4;2;2;2;1;3;1;2;2;3;4;1;0;0;0;0;1;0;0;0;0;0;1;0;0;0;0;0;0;0;0;0;0;12;12;9;3;12;30;30;46;1;0;1
5;4;5;5;4;5;200;3;7;5;2;6;6;5;5;5;7;7;1;1;5;3;5;1;5;5;5;1;4;3;0;3;3;3;1;3;0;3;2;4;2;4;5;5;5;5;5;1;5;1;5;1;5;3;3;4;3;3;3;3;3;3;3;3;3;3;3;3;3;3;3;3;3;3;3;2;2;2;2;2;2;2;2;2;2;2;2;2;2;1;2;1;1;2;1;2;1;28;19;10;19;36;56;21;66;13;13;11
5;5;5;5;2;5;100;40;7;7;3;2;3;7;7;3;2;2;4;4;4;4;4;1;2;4;2;1;3;0;0;1;1;0;0;1;0;0;0;5;3;5;4;3;3;5;4;4;4;3;5;1;1;3;1;2;4;2;4;4;3;3;3;4;2;1;4;2;4;4;4;4;4;2;1;4;1;0;1;0;2;2;0;0;2;1;1;1;1;2;1;2;1;2;0;0;2;27;15;14;7;33;53;3;66;9;3;10
4;5;4;3;3;5;450;10;6;3;5;2;3;2;2;3;2;1;3;3;5;3;5;5;3;4;3;5;3;1;0;2;1;2;1;2;2;2;1;3;5;3;4;5;5;3;5;5;4;5;3;4;3;5;2;1;3;2;1;1;1;1;3;1;1;1;2;1;4;3;3;3;4;3;1;1;1;1;1;1;1;1;0;1;3;2;2;0;2;0;1;0;2;0;2;0;2;24;13;4;6;42;62;14;43;5;8;10
2;2;2;2;2;2;310;10;5;5;2;3;2;4;4;2;2;2;4;4;2;2;4;4;4;4;2;4;4;1;0;2;2;1;1;1;0;1;1;2;5;4;5;4;4;3;5;5;2;2;5;4;4;5;3;1;1;2;2;2;1;3;2;2;3;1;3;1;2;1;3;3;2;1;3;1;0;0;2;0;1;0;0;0;1;2;0;0;2;0;0;1;2;1;0;0;2;12;12;8;6;38;59;10;43;1;1;12
5;2;5;5;2;4;280;10;7;5;4;4;4;2;2;2;2;2;5;4;5;5;5;5;5;5;5;5;5;1;1;2;2;2;1;2;0;1;1;4;5;4;5;5;5;5;5;5;5;4;4;5;5;5;3;2;2;2;2;2;3;1;1;2;3;1;3;1;1;2;3;3;2;2;3;2;2;1;1;0;1;2;1;3;1;1;1;1;1;1;1;1;1;2;0;0;1;23;17;4;6;54;71;13;46;12;4;7
1;2;2;2;2;2;150;56;7;6;6;6;6;6;5;4;5;5;2;2;2;2;2;4;2;2;3;3;4;2;1;2;2;1;2;2;2;2;1;4;3;4;4;3;3;4;3;3;3;3;3;2;3;3;2;2;2;3;2;2;3;3;3;3;2;3;3;3;3;2;3;3;3;2;3;3;2;1;2;2;2;2;1;1;1;2;1;1;1;2;1;1;1;1;2;1;1;11;24;11;14;28;48;17;58;10;9;10
4;2;3;2;2;3;600;20;6;4;3;4;2;5;5;1;2;2;4;4;4;4;4;4;3;3;4;4;4;2;2;2;3;2;3;2;1;3;2;4;4;4;4;4;4;4;5;4;4;2;4;4;4;4;3;1;2;2;1;2;1;1;2;2;3;1;3;2;2;2;1;3;3;2;3;1;0;0;1;0;2;2;0;1;1;0;1;0;1;1;1;1;0;2;0;2;0;16;13;10;5;42;59;22;43;7;4;5
1;3;1;5;2;5;550;2;1;3;2;3;2;4;5;2;2;2;1;4;1;1;4;2;1;4;3;2;1;0;0;2;0;0;0;2;0;0;0;3;5;4;4;5;1;5;4;5;2;4;5;4;1;5;4;4;4;4;4;4;4;2;4;4;3;1;4;4;4;4;4;4;4;4;2;3;1;3;2;2;3;3;2;3;3;2;3;3;2;2;2;2;2;3;1;1;1;17;10;9;6;24;57;4;79;18;14;14
4;3;4;4;2;3;30;60;7;4;4;5;2;7;7;4;4;3;4;2;3;2;3;4;2;4;4;4;4;2;2;2;2;2;1;2;1;2;2;3;4;3;4;4;3;3;4;3;3;3;4;4;4;3;2;1;1;1;2;2;2;2;2;1;1;1;1;1;1;2;2;2;2;1;1;1;0;0;0;0;0;0;0;0;0;0;0;0;0;0;0;0;0;0;0;0;0;20;15;14;11;36;52;18;32;0;0;0
3;2;3;2;2;2;33;5;5;5;5;5;3;1;1;3;2;2;2;4;4;2;3;2;4;4;3;3;2;0;0;1;1;0;0;1;0;0;0;4;4;3;4;3;3;2;4;4;3;4;4;3;2;4;3;3;3;3;3;3;3;3;3;2;3;1;3;3;3;3;3;3;2;3;2;3;2;1;2;0;2;1;0;1;2;2;0;2;2;1;1;2;2;1;1;0;2;14;18;2;7;33;51;3;61;8;5;14
4;3;2;4;3;4;410;45;5;4;2;3;4;6;3;4;3;5;4;2;3;1;2;3;4;3;2;5;3;1;2;3;2;2;1;3;1;2;1;4;5;2;3;2;1;2;3;4;1;3;3;5;3;2;2;3;2;3;1;2;2;1;2;4;3;3;2;1;2;3;1;2;1;2;3;2;1;0;1;1;2;1;0;1;1;2;1;1;0;1;2;2;1;0;1;2;2;20;13;9;12;32;43;18;47;6;7;10
4;2;4;2;2;4;350;30;6;4;2;2;2;2;2;2;2;1;4;4;4;4;4;4;4;4;2;4;4;2;2;2;2;2;2;2;2;2;2;5;2;5;4;4;5;3;5;4;3;4;4;4;4;3;1;2;1;2;2;2;2;2;1;2;1;1;2;2;1;1;1;2;1;2;1;1;1;0;0;0;0;2;0;1;0;0;0;1;1;1;0;1;0;0;0;0;0;18;10;4;5;42;59;20;33;6;0;2
5;3;5;5;5;5;855;360;7;7;5;6;4;6;6;2;2;3;4;4;4;3;4;4;3;4;4;4;4;1;1;1;2;1;1;1;0;1;1;3;4;4;4;5;4;5;5;4;4;4;4;4;4;4;3;3;4;3;4;3;3;4;3;3;2;1;4;3;4;3;3;4;4;1;1;2;2;1;2;0;2;2;1;2;3;1;2;3;3;2;1;2;2;1;0;1;2;28;22;12;7;42;62;10;65;14;7;14
1;2;2;2;2;2;100;5;4;5;4;5;4;4;2;3;3;4;3;3;3;4;3;2;2;3;3;3;4;2;2;3;3;2;1;2;2;2;2;4;3;4;2;3;4;2;3;3;3;4;3;3;4;3;2;1;3;3;2;1;2;2;3;2;3;2;2;3;2;2;1;1;2;2;4;3;1;2;1;0;1;0;0;1;0;1;1;1;0;1;0;1;0;0;1;1;1;11;18;6;10;33;48;21;48;5;4;5
5;5;5;5;5;5;500;50;7;7;5;7;5;7;7;4;4;4;5;5;4;4;5;5;5;4;5;5;4;1;1;1;1;2;1;1;1;1;1;4;5;4;5;5;4;5;4;5;4;5;4;5;5;5;3;4;3;4;3;4;4;4;3;3;3;1;4;4;4;4;4;4;4;4;3;3;2;3;2;0;3;3;2;1;2;3;2;3;3;2;3;2;3;3;1;3;3;30;24;14;12;51;69;11;77;16;14;19
4;3;4;2;1;4;90;5;6;3;3;3;3;5;5;2;3;2;4;4;2;2;4;4;2;4;2;4;3;2;1;2;2;2;1;2;1;2;2;3;4;4;4;3;4;3;4;2;3;4;4;4;4;4;3;2;3;2;1;2;2;2;2;3;2;1;2;1;2;2;3;2;3;2;1;1;0;2;1;0;2;0;0;0;0;1;1;0;2;0;0;1;1;0;0;0;0;18;12;10;7;35;54;17;44;1;2;8
5;4;5;5;4;4;180;180;6;5;5;5;3;6;6;3;3;3;4;4;4;3;4;3;3;4;4;3;3;2;1;2;2;2;1;2;0;2;1;3;5;4;4;4;4;4;2;4;3;3;4;5;3;5;2;2;2;2;1;2;2;2;2;2;2;2;2;2;2;2;2;2;2;2;2;2;1;1;1;1;1;1;1;1;1;1;1;1;1;1;1;1;1;1;1;1;1;27;18;12;9;39;57;15;43;7;7;7
4;1;4;1;1;1;50;40;7;4;2;2;2;6;6;2;2;2;3;3;2;1;1;4;4;1;3;4;5;2;1;3;2;2;1;3;1;2;2;4;5;4;4;4;1;3;3;4;2;4;4;2;2;5;2;1;3;2;2;2;2;2;2;2;2;2;2;2;2;2;2;2;2;2;2;2;1;0;1;2;1;1;0;1;1;1;1;1;1;1;1;1;1;1;0;1;1;12;10;12;6;31;51;19;44;7;5;7
4;2;4;2;2;1;75;60;2;1;2;2;1;3;2;4;5;5;2;2;2;2;2;2;2;2;2;4;2;1;1;2;1;1;0;1;1;0;1;4;4;4;2;4;2;2;4;4;2;4;4;4;2;4;4;2;2;2;4;2;4;4;2;2;2;1;4;2;4;4;4;4;4;4;2;4;2;2;2;3;1;1;3;3;3;3;3;3;3;1;3;3;3;3;3;3;3;15;6;5;14;24;50;9;67;16;20;18
4;3;4;3;2;4;647;30;6;4;2;5;2;3;3;3;4;4;4;5;3;2;4;4;4;4;5;4;3;3;2;3;3;3;2;3;3;3;3;4;4;4;3;5;3;2;4;4;3;4;4;5;3;5;2;2;2;2;1;2;2;1;1;2;2;1;2;2;1;2;1;2;2;1;2;1;1;0;0;0;1;0;1;1;0;0;1;1;0;1;0;0;0;1;0;1;0;20;13;6;11;42;57;28;36;6;2;1
5;4;5;3;4;2;560;70;6;5;6;5;5;5;6;6;4;6;3;4;3;2;4;3;3;4;4;4;4;3;2;2;2;2;2;2;2;2;2;4;3;4;2;4;2;3;4;3;4;3;2;3;2;3;2;2;2;2;3;1;1;1;2;2;2;2;3;1;2;2;1;2;1;1;1;2;1;2;1;0;0;1;0;0;0;1;0;0;1;2;0;0;0;0;1;0;0;23;21;11;16;38;46;21;38;4;3;3
4;2;4;3;1;1;90;15;6;2;2;5;2;5;1;1;1;1;4;1;3;3;4;4;2;4;3;4;1;1;1;2;2;0;1;1;1;1;1;4;4;4;1;4;4;2;4;2;2;3;4;3;3;3;1;4;2;4;1;4;2;2;4;4;1;1;2;3;2;3;1;3;4;2;2;4;1;0;1;0;3;1;0;1;2;3;0;1;1;1;0;2;2;1;1;0;2;15;11;6;3;33;47;11;56;6;3;14
4;4;4;3;3;3;10;25;6;5;4;3;2;5;6;3;2;2;3;4;3;4;4;4;4;4;3;3;3;2;2;2;3;2;1;2;1;2;2;4;3;3;4;5;2;3;4;4;2;2;3;3;2;3;1;1;1;1;1;1;1;1;1;1;1;1;1;1;1;1;1;1;1;1;1;1;0;0;0;0;0;0;0;0;0;0;0;0;0;0;0;0;0;0;0;0;0;21;14;11;7;39;47;19;22;0;0;0
2;1;2;3;3;5;500;60;6;2;1;2;2;1;1;1;1;1;2;2;2;3;2;2;2;1;1;1;1;1;0;3;2;1;1;2;0;0;2;3;2;4;4;4;4;4;4;4;4;1;3;2;4;2;3;2;3;3;3;3;4;3;2;3;3;3;3;3;2;3;3;3;3;2;3;3;1;2;2;0;1;2;3;2;2;2;2;3;2;1;2;1;3;2;2;2;2;16;7;2;3;19;49;12;63;13;13;13
5;3;5;5;3;3;100;180;7;7;7;7;7;7;7;7;5;5;4;4;4;4;4;5;4;4;4;5;4;1;1;2;2;1;1;2;1;1;1;4;5;4;4;4;5;5;5;5;4;5;4;5;4;5;3;1;3;2;3;3;3;3;3;3;3;1;3;2;3;3;3;3;3;3;3;3;3;1;3;0;2;3;0;1;3;3;3;3;2;3;2;3;3;3;3;3;2;24;28;14;17;46;68;13;60;19;12;18
5;4;4;4;4;4;125;20;7;6;1;7;1;7;7;6;5;5;4;4;4;2;2;3;2;4;4;3;3;2;3;2;2;1;3;2;1;3;2;3;3;3;4;3;3;4;3;3;3;3;3;3;3;3;2;1;1;1;2;1;1;2;1;1;2;1;2;1;1;2;1;1;1;1;1;1;0;0;0;0;0;0;0;0;0;0;0;0;0;0;0;0;0;0;0;0;0;25;15;14;16;35;47;21;28;0;0;0
4;4;4;4;4;4;150;120;7;5;3;3;3;5;5;6;5;5;4;4;4;3;4;2;4;4;4;4;3;2;1;2;2;2;1;2;0;1;2;4;5;5;3;4;1;3;5;5;3;5;5;5;3;5;3;3;4;3;4;3;3;3;3;4;4;4;4;4;4;3;3;3;3;3;4;3;2;2;1;1;2;2;3;3;3;3;3;3;2;2;2;2;2;2;2;3;2;24;14;10;16;40;61;15;75;17;16;14
4;3;2;1;3;1;75;15;5;5;3;2;2;2;2;1;2;1;4;3;3;2;3;4;4;3;3;4;4;0;1;2;2;1;1;1;0;1;1;3;4;4;4;5;3;4;5;4;2;4;4;4;4;4;3;2;2;3;2;3;1;2;2;1;2;1;3;2;3;2;3;4;3;3;2;3;2;1;1;0;1;1;0;1;2;2;3;1;2;1;0;1;2;0;0;0;1;14;12;4;4;37;58;10;52;9;3;10
2;1;2;2;2;1;140;15;5;2;1;2;1;4;4;2;2;2;2;2;2;1;2;2;2;2;3;2;2;1;1;2;2;1;1;2;1;2;1;2;4;4;2;3;2;2;2;3;2;2;4;2;2;2;2;2;3;2;3;4;4;1;4;2;3;1;3;1;4;3;3;3;2;3;3;3;0;0;0;0;1;0;0;0;0;1;0;0;0;0;0;1;1;0;0;0;1;10;6;8;6;22;38;14;59;0;0;5
4;3;4;4;3;4;125;25;7;3;2;2;1;6;6;3;3;3;4;2;3;2;4;4;4;3;4;4;2;2;1;2;2;2;1;2;1;2;1;4;5;3;2;3;2;4;4;5;3;3;4;5;3;5;2;1;2;2;3;2;2;1;2;2;2;1;2;2;2;2;2;2;2;1;2;1;1;1;0;0;0;1;0;1;0;0;1;1;1;0;0;0;0;0;0;0;0;22;8;12;9;36;55;16;40;5;1;1
4;2;4;1;3;3;70;5;6;5;4;4;3;5;5;4;3;5;1;2;2;1;2;2;2;2;4;2;2;2;2;3;2;3;2;3;2;3;2;3;3;5;1;2;3;1;3;2;1;3;4;3;2;2;1;1;2;2;2;2;2;1;1;1;2;1;2;2;1;1;2;2;2;2;2;1;1;0;0;0;1;0;0;1;0;0;0;1;0;0;0;0;0;1;0;0;0;17;16;10;12;22;38;24;35;4;0;1
5;4;5;2;4;3;550;600;6;4;2;4;5;4;5;5;5;4;3;4;5;4;3;2;3;2;3;2;3;1;3;1;1;1;2;0;2;3;3;5;3;2;4;3;2;4;3;4;4;3;2;4;4;3;1;2;2;4;1;1;1;2;1;2;2;2;1;2;3;2;1;1;3;1;1;1;2;1;1;2;1;1;0;0;1;1;0;1;0;2;0;0;1;2;2;0;1;23;15;9;14;34;50;17;37;8;6;5
4;3;5;4;4;2;300;240;7;5;4;4;4;6;3;5;5;4;3;4;3;2;4;3;3;4;2;3;4;2;1;2;3;2;1;2;2;2;1;4;3;3;2;2;2;1;4;4;3;2;4;2;3;3;4;3;3;2;1;2;3;3;3;3;3;2;3;4;3;3;4;3;3;4;3;3;1;1;2;2;1;1;1;2;2;2;2;2;3;2;2;2;1;1;2;2;2;22;17;9;14;35;42;18;65;11;12;13
3;2;4;2;3;3;166;180;5;4;4;4;3;5;5;1;1;1;3;2;2;4;4;3;3;3;3;3;3;1;1;1;1;1;1;1;0;1;1;4;3;4;4;3;3;3;4;3;3;3;3;3;3;3;3;2;2;3;3;3;2;3;3;3;3;3;3;3;3;3;3;3;3;3;3;3;1;2;2;0;1;1;2;2;2;2;2;2;2;2;1;2;2;0;1;2;2;17;15;10;3;33;49;9;63;10;10;13
5;5;5;3;4;4;500;4;7;6;2;6;2;3;5;3;3;2;3;4;4;3;4;2;3;4;4;4;3;1;2;2;2;1;2;2;2;1;2;3;3;3;3;4;3;4;5;3;3;4;3;3;3;3;3;3;3;2;4;2;3;3;3;2;3;1;3;3;3;2;4;3;3;3;3;2;1;0;1;0;1;2;0;0;0;2;1;1;0;1;1;0;1;1;0;0;1;26;16;8;8;38;50;17;61;7;1;6
5;4;4;2;1;1;900;60;6;4;2;3;3;6;4;2;2;2;3;2;3;4;3;1;2;3;2;3;3;2;2;2;2;3;3;3;1;3;3;4;3;4;3;4;3;3;4;4;1;2;4;3;4;2;2;3;3;3;2;1;4;2;3;3;3;2;2;3;2;2;2;2;3;3;3;2;1;0;0;0;0;1;0;1;1;2;1;0;0;1;0;1;0;0;0;0;0;17;12;10;6;29;48;24;55;5;1;3
1;1;1;1;1;1;17;30;3;2;2;2;2;4;4;1;2;2;3;3;3;3;4;1;3;3;3;1;3;3;3;3;3;3;3;3;3;3;3;1;5;1;1;1;3;1;4;5;1;5;1;1;1;5;1;1;1;1;1;1;1;1;1;1;1;1;1;1;1;1;1;1;1;1;1;1;0;0;0;0;0;0;0;0;0;0;0;0;0;0;0;0;0;0;0;0;0;6;8;8;5;30;36;30;22;0;0;0
5;3;5;3;4;4;503;90;7;5;5;3;3;5;5;5;4;4;3;4;3;2;4;3;2;4;4;3;2;1;0;2;1;2;2;1;2;2;2;2;5;3;3;4;4;3;5;3;3;3;3;3;3;4;2;3;3;2;1;4;2;2;1;1;1;2;2;1;1;1;2;2;3;2;1;1;2;2;1;2;2;1;0;2;1;1;2;1;1;0;0;2;1;1;0;0;0;24;16;10;13;34;51;15;40;9;5;8
5;3;5;2;2;4;180;180;6;4;4;5;5;7;7;2;1;1;4;2;5;5;3;2;2;2;4;3;4;1;1;2;3;1;1;1;0;3;2;4;5;5;4;4;3;4;5;4;4;2;5;4;5;5;3;2;3;2;1;4;2;3;3;2;4;1;1;2;1;3;3;2;1;1;2;3;0;1;0;1;1;2;2;2;3;3;2;1;1;2;3;3;2;1;0;0;2;21;18;14;4;36;63;15;49;10;10;12
3;4;1;4;5;5;85;15;7;7;6;7;5;6;6;5;4;4;1;2;1;1;2;1;1;2;5;1;1;3;3;3;3;3;3;3;3;3;3;3;1;4;1;5;5;1;4;1;5;1;2;1;2;2;2;1;1;1;3;1;4;1;1;3;4;1;3;1;3;3;2;1;1;2;4;1;0;0;0;0;0;1;0;0;0;1;1;1;0;0;0;0;0;1;0;0;0;22;25;12;13;18;38;30;44;4;0;1
1;1;2;1;1;1;100;5;4;3;1;2;1;5;5;1;1;1;2;4;3;4;4;3;2;4;4;2;2;2;1;1;2;1;1;2;1;2;2;4;4;4;3;2;3;3;3;4;3;3;2;3;2;4;1;2;1;2;1;1;1;1;2;2;1;1;1;1;2;2;1;1;1;2;1;1;0;0;0;0;0;0;0;0;0;1;1;1;0;0;0;0;0;0;0;0;0;7;7;10;3;34;47;15;29;2;0;1
5;3;4;1;2;1;85;60;6;1;2;2;3;7;7;1;2;2;1;1;2;1;2;2;1;1;4;2;1;2;1;3;2;2;1;2;2;2;2;4;1;3;2;2;2;4;4;4;2;2;4;2;2;2;2;1;2;3;1;1;2;1;1;3;1;1;2;3;1;3;1;1;2;1;1;3;0;3;1;2;0;0;0;0;0;0;0;0;0;1;0;0;0;0;0;1;0;16;8;14;5;18;40;19;37;1;6;1
3;3;4;2;2;3;20;10;6;5;3;4;2;1;3;2;2;2;4;4;3;2;4;3;4;5;4;3;2;1;3;2;2;2;3;2;2;3;2;5;3;5;2;4;4;3;4;3;2;3;4;3;2;3;2;3;3;2;1;3;3;2;1;1;2;2;3;3;2;1;2;2;3;3;4;2;1;0;0;0;1;1;0;1;1;0;2;1;1;2;0;1;0;2;0;0;0;17;14;4;6;38;50;22;50;10;1;3
5;4;4;5;4;5;132;150;7;6;2;6;3;6;6;6;5;5;4;4;4;2;5;4;4;4;5;4;4;2;2;2;2;2;2;2;1;3;2;5;2;4;4;5;4;4;5;4;4;4;4;4;4;5;2;2;3;2;1;2;1;1;3;1;1;1;3;2;2;2;1;2;2;1;1;1;1;1;0;0;1;1;0;0;1;1;1;1;1;0;0;0;0;1;0;0;0;27;17;12;16;44;62;20;37;5;2;3
4;4;4;2;2;4;100;60;6;3;2;2;2;1;1;1;2;1;4;4;5;2;4;3;3;4;2;3;3;3;2;2;2;2;1;3;2;3;3;4;3;4;2;3;3;2;4;3;3;3;5;2;3;3;1;1;2;2;1;2;1;1;1;1;1;1;1;1;1;1;1;2;1;1;1;1;0;0;0;0;0;0;0;0;0;0;0;0;0;0;0;0;0;0;0;0;0;20;9;2;4;37;47;23;26;0;0;0
2;2;1;2;2;1;34;5;5;5;5;5;5;2;2;4;3;2;5;4;4;4;5;5;5;5;4;5;5;0;0;1;2;0;0;1;0;0;0;4;4;5;2;4;4;4;5;5;4;5;4;4;5;5;4;1;3;3;4;3;4;3;2;4;3;1;4;4;4;4;3;4;3;4;1;4;1;1;2;0;2;3;0;3;2;3;3;3;3;1;1;2;3;3;0;1;3;10;20;4;9;51;64;4;70;17;5;18
5;5;5;5;5;5;567;240;7;7;6;7;6;7;7;7;7;7;4;5;4;4;5;5;4;4;5;5;4;1;1;2;2;2;1;1;1;1;1;3;4;4;4;4;4;5;4;5;4;4;4;4;4;5;2;2;2;2;3;2;2;2;2;2;2;3;2;2;2;2;2;2;2;2;2;2;1;1;1;1;1;1;1;1;2;1;1;2;1;1;1;1;2;1;1;1;1;30;26;14;21;49;62;13;46;8;8;8
5;3;5;5;5;5;309;30;7;7;4;5;3;7;7;7;5;5;3;5;3;3;5;4;3;5;5;5;4;2;1;3;2;3;1;3;0;3;0;4;5;4;5;5;4;5;5;5;4;5;5;3;4;5;1;3;3;3;2;2;2;1;3;3;2;2;3;3;3;4;2;3;2;2;2;2;1;1;1;1;2;1;1;2;2;1;2;2;1;1;1;1;0;1;1;1;0;28;19;14;17;45;68;18;53;10;8;6
1;1;4;1;1;2;300;15;6;5;3;4;3;5;5;1;2;1;1;4;2;4;2;2;2;2;1;2;2;3;3;2;3;2;2;0;1;3;3;3;1;4;2;2;2;2;4;2;2;3;4;3;4;2;2;1;4;2;1;2;1;1;1;2;3;1;1;3;1;2;2;1;1;2;3;2;1;0;0;0;0;1;0;2;1;2;1;0;0;1;0;0;0;0;0;2;1;10;15;10;4;24;40;22;39;6;3;3
5;3;5;5;5;5;808;120;7;6;3;5;3;1;3;3;4;3;4;4;4;1;4;4;4;4;3;4;4;2;1;2;2;2;1;2;0;2;2;3;4;4;4;4;4;4;4;5;4;3;5;4;4;3;1;2;3;3;1;2;2;1;3;3;1;2;3;3;2;2;1;3;2;1;1;2;1;0;0;0;1;1;0;1;0;0;1;1;1;1;1;0;0;2;0;0;0;28;17;4;10;40;59;16;44;8;1;2
5;2;5;4;4;3;212;60;7;5;6;4;5;7;1;3;3;3;4;3;4;5;2;4;4;3;4;4;4;2;3;2;3;2;3;2;1;3;3;4;2;4;4;5;4;4;5;4;4;3;4;4;4;4;1;2;2;2;1;3;1;2;2;3;1;1;3;1;1;2;1;2;2;1;1;1;0;0;1;0;1;1;0;1;0;1;1;1;1;2;0;1;0;2;0;0;0;23;20;8;9;41;59;24;36;8;0;5
1;3;4;3;4;4;150;30;1;3;3;3;4;4;4;3;5;5;2;3;3;3;4;1;2;3;3;3;1;0;3;0;0;2;2;1;2;1;3;1;2;3;2;4;3;3;3;3;1;2;4;2;1;2;2;4;4;3;2;3;3;4;3;4;3;2;3;1;4;2;2;3;3;3;3;3;0;2;3;2;1;2;2;2;1;2;2;3;3;2;2;0;3;2;2;2;3;19;13;8;13;28;36;14;64;13;13;15
5;4;5;5;5;5;150;360;7;5;2;2;4;5;5;5;5;5;4;4;4;4;4;5;1;4;4;5;1;0;0;0;0;0;0;0;0;0;0;1;5;1;1;1;1;1;1;5;1;5;1;5;5;5;4;4;4;4;4;4;4;4;4;4;1;1;4;4;4;4;4;4;4;4;4;4;3;1;3;0;3;3;0;0;3;3;3;3;3;3;3;3;3;3;3;3;3;29;13;10;15;40;39;0;82;18;13;21
5;5;5;5;4;5;200;240;7;2;2;3;3;4;4;4;4;4;5;4;4;4;4;4;3;3;2;4;4;2;1;1;2;1;1;1;0;1;1;3;2;3;4;4;4;5;5;3;3;3;3;4;3;3;2;3;2;2;2;3;3;1;4;3;3;2;2;3;2;3;3;2;3;2;2;2;0;0;1;0;2;2;0;0;1;2;1;0;1;1;0;1;1;1;0;0;0;29;10;8;12;41;52;11;54;5;1;8
5;5;5;5;4;5;300;240;7;5;3;4;3;7;7;5;4;5;3;4;4;4;4;2;4;4;5;3;3;2;2;2;3;2;2;2;2;2;2;3;3;3;2;5;4;3;5;3;3;2;4;2;4;4;1;2;2;2;1;1;1;1;2;1;1;1;2;2;2;2;1;2;2;1;1;1;1;1;0;0;1;2;1;1;2;0;1;1;0;1;1;0;0;1;1;1;0;29;15;14;14;40;50;21;32;8;7;1
5;5;5;5;5;5;300;240;7;7;7;6;7;7;6;6;5;5;4;4;4;4;4;2;4;4;4;4;3;2;2;2;2;2;1;2;2;2;2;4;2;4;2;4;4;2;4;2;4;2;4;2;4;2;2;1;2;2;1;1;1;1;1;2;2;2;2;1;2;2;2;2;2;2;1;1;1;0;0;0;0;0;0;1;1;0;1;0;0;0;1;0;0;1;0;0;0;30;27;13;16;41;46;19;35;4;2;0
2;1;1;1;1;1;50;5;4;3;2;2;2;3;3;2;1;3;2;3;2;2;4;2;2;4;3;2;2;3;3;3;2;3;2;3;1;3;3;5;3;4;1;3;2;2;3;2;4;4;4;2;1;2;1;1;1;1;1;2;1;1;1;1;1;2;1;2;2;2;1;2;1;2;2;1;0;0;0;0;0;0;0;0;0;0;1;1;0;0;0;0;0;1;0;0;0;7;9;6;6;28;42;26;30;3;0;0
4;5;4;4;5;5;50;45;6;7;6;6;7;6;6;6;6;6;5;4;4;4;5;1;4;4;4;2;5;3;3;3;3;3;3;3;3;3;3;4;1;4;4;5;5;4;4;2;4;1;5;2;4;2;1;1;1;1;1;2;2;2;1;1;1;1;4;1;4;1;1;1;1;1;1;1;0;2;0;0;0;0;0;0;0;0;0;2;0;0;0;0;0;0;0;0;0;27;26;12;18;42;51;30;31;2;2;0
5;2;5;5;2;2;140;60;7;5;4;5;4;2;4;2;2;2;5;4;5;5;5;5;5;4;2;5;4;3;2;3;3;3;2;3;2;3;3;5;3;5;2;2;1;2;3;3;4;4;3;2;1;2;3;1;3;4;2;4;2;2;4;2;2;3;3;4;1;2;2;2;4;3;2;2;0;2;0;0;1;0;0;1;0;0;1;1;0;1;1;0;0;2;0;0;0;21;18;6;6;49;42;27;57;6;3;1
5;4;5;5;4;4;200;180;7;5;5;5;5;4;4;4;4;4;4;4;4;4;4;4;4;4;4;4;4;2;2;2;2;2;1;2;2;2;2;4;4;4;4;4;4;4;4;4;4;4;4;4;4;4;2;2;3;3;2;3;3;3;3;2;2;3;3;2;3;3;3;3;2;2;2;2;1;0;2;0;2;2;0;1;2;2;2;2;0;1;1;1;1;1;1;1;0;27;20;8;12;44;60;19;56;10;5;8
4;5;4;4;4;4;450;30;6;6;5;5;5;7;6;5;5;3;4;5;4;4;3;4;4;4;4;4;4;2;2;3;2;2;2;2;2;3;2;4;4;4;4;4;3;3;4;4;4;4;4;4;3;2;2;1;2;2;1;1;1;2;2;1;1;1;1;2;2;2;1;1;1;1;2;1;1;0;0;0;1;1;0;0;1;0;0;0;0;0;0;0;0;0;0;1;0;25;21;13;13;44;55;22;31;2;2;1
3;4;4;2;4;3;2;20;3;2;2;3;2;2;2;2;2;2;3;3;3;3;3;3;3;3;3;3;3;2;2;1;1;2;1;1;2;2;2;3;3;3;3;3;4;3;3;2;3;3;3;3;3;3;3;2;2;3;3;2;2;3;3;3;3;2;2;3;3;2;2;3;2;2;3;2;0;0;0;0;0;0;0;0;0;0;0;0;0;0;0;0;0;0;0;0;0;20;9;4;6;33;45;16;55;0;0;0
4;4;4;3;3;4;300;2;6;6;7;6;7;6;6;5;5;5;2;3;3;3;4;2;3;4;4;2;4;3;2;3;3;1;3;2;1;3;2;3;2;4;4;5;3;4;3;5;4;1;3;2;2;3;2;1;1;1;2;2;2;2;3;2;1;1;2;4;1;2;2;2;1;2;1;2;1;0;0;0;0;1;0;1;0;2;1;0;0;0;1;0;1;2;0;0;0;22;26;12;15;34;48;23;39;6;1;3
4;5;5;4;4;5;500;30;6;6;5;5;5;6;5;5;5;6;4;3;5;4;4;4;4;3;4;4;4;3;3;3;3;2;2;3;0;3;3;5;2;4;5;4;4;4;4;2;3;3;5;4;4;5;2;2;1;2;3;2;2;1;2;2;2;1;1;1;1;2;3;1;2;2;2;1;0;1;0;1;1;1;1;1;2;0;0;0;1;1;0;0;1;1;1;0;0;27;21;11;16;43;58;25;38;4;6;3
4;3;4;4;3;4;500;30;6;6;3;5;3;5;5;4;3;3;4;5;4;4;3;5;4;3;4;4;4;2;2;2;2;2;2;3;2;2;2;3;4;4;4;5;3;4;5;5;3;5;4;4;3;4;2;3;3;2;1;2;2;1;2;1;3;2;3;2;3;3;2;2;2;2;3;2;1;0;1;0;1;0;0;0;0;1;1;1;1;0;0;1;0;0;0;0;1;22;17;10;10;44;60;21;48;3;0;6
2;3;2;1;1;1;115;120;4;3;2;2;2;4;1;1;2;1;2;4;3;2;4;3;2;4;2;3;2;2;1;2;3;1;1;1;0;1;1;4;5;4;1;4;3;4;4;4;2;4;4;3;3;4;3;3;4;4;1;4;3;4;3;3;3;2;4;4;1;4;4;4;4;4;4;2;0;1;1;2;3;1;2;2;2;3;2;2;3;1;1;3;2;1;1;1;1;10;9;5;4;31;53;13;72;9;10;16
3;2;3;3;2;3;500;10;1;5;4;5;5;6;6;1;1;1;3;4;4;4;5;3;4;5;5;4;4;2;2;2;2;2;2;2;2;2;3;4;3;4;4;4;3;3;3;4;4;3;4;2;3;3;2;2;2;2;2;2;2;2;2;2;2;3;3;2;2;3;2;2;2;2;2;1;1;0;1;1;1;1;0;0;1;1;1;1;1;1;1;1;1;1;1;1;1;16;19;12;3;45;51;21;46;6;5;7
2;3;4;4;4;4;400;120;6;6;3;5;2;5;5;3;3;3;4;4;4;3;4;4;4;4;4;2;3;2;2;2;2;2;2;2;2;2;2;4;3;3;4;4;4;4;4;4;4;3;2;2;3;2;1;2;1;1;1;1;2;1;1;2;1;2;2;1;1;1;2;2;1;1;1;1;1;1;0;0;0;1;0;0;1;0;1;1;0;0;0;0;0;0;0;0;0;21;16;10;9;40;50;20;29;4;2;0
2;2;5;5;3;2;34;3;6;5;7;7;6;7;6;7;5;7;4;3;3;2;5;1;3;5;5;4;5;1;3;2;2;2;3;2;3;2;0;2;5;1;1;2;5;1;2;3;4;4;2;4;3;1;2;4;1;1;3;2;3;1;2;4;3;2;3;4;3;4;3;4;3;4;3;4;2;3;1;1;2;0;1;1;2;3;1;3;1;1;2;3;2;3;2;3;2;19;25;13;19;40;40;20;63;11;14;14
5;4;3;2;4;3;165;120;1;4;6;4;2;6;3;4;2;6;2;5;3;1;4;3;1;4;2;2;4;3;2;2;1;0;3;0;2;1;3;1;2;3;1;4;1;2;3;5;4;2;5;4;4;4;1;4;2;1;2;3;1;2;4;2;3;2;1;4;2;1;2;2;4;2;2;1;0;2;1;0;3;2;1;2;0;0;0;2;1;1;0;2;1;0;0;3;2;21;16;9;12;31;45;17;48;7;6;10
4;3;4;1;1;2;210;15;5;3;1;6;1;4;5;3;3;1;2;5;3;1;1;2;3;5;2;2;1;3;1;2;2;2;0;1;0;2;1;4;3;1;5;5;4;5;2;1;4;1;5;3;4;5;2;2;4;3;1;1;3;3;2;4;3;4;2;2;1;3;4;2;3;3;2;4;1;0;0;0;0;1;0;2;0;0;1;2;2;0;0;0;1;0;0;0;1;15;11;9;7;27;52;14;58;7;0;4
4;2;4;3;2;3;15;20;6;3;2;3;2;4;2;3;3;2;2;3;3;3;4;2;3;4;3;3;2;2;1;2;2;2;2;2;0;2;2;4;4;3;3;4;4;4;4;4;3;3;4;5;4;5;1;3;2;2;2;2;2;1;2;1;2;1;3;2;3;3;2;2;2;2;3;2;0;1;1;0;1;0;0;1;1;1;1;1;1;0;0;1;0;1;1;0;0;18;10;6;8;32;58;17;45;4;3;5
4;4;4;2;3;3;12;20;4;4;2;2;3;5;3;1;4;4;4;4;4;4;3;2;4;4;4;2;4;2;2;2;2;2;2;2;1;1;2;4;4;3;3;3;4;3;4;2;3;3;4;3;4;3;3;3;2;2;2;2;2;2;3;3;3;3;2;2;2;2;2;2;2;2;2;2;1;1;2;1;1;1;1;2;1;1;1;2;2;2;1;2;2;2;1;2;1;20;11;8;9;39;50;18;50;11;8;11
3;2;2;2;2;1;1;2;4;4;4;4;4;2;2;1;3;3;2;3;4;3;3;5;3;4;3;5;3;1;2;3;3;2;2;3;0;1;2;5;4;4;5;4;5;4;5;2;3;3;3;4;4;3;3;2;2;2;3;2;3;3;1;1;3;3;3;3;2;3;2;3;2;2;3;3;0;0;1;0;0;0;1;0;0;3;3;2;1;1;2;2;2;1;1;1;2;12;16;4;7;38;58;19;54;7;5;11
5;2;5;4;3;4;250;30;6;4;5;4;5;5;5;5;4;5;2;5;4;2;3;2;3;4;5;3;1;3;2;2;3;3;2;0;3;3;3;5;1;4;4;4;4;3;4;4;4;2;4;4;4;4;1;2;2;2;1;2;1;1;2;1;1;1;3;1;1;1;1;1;1;1;1;1;1;0;0;0;1;0;0;1;0;0;0;1;0;0;0;0;0;0;0;0;0;23;18;10;14;34;55;24;29;3;0;1
4;3;4;2;4;2;200;20;6;4;4;5;4;3;3;2;2;3;2;4;4;3;4;3;4;4;4;3;3;2;2;2;2;2;2;2;2;2;2;3;2;3;2;4;2;2;4;2;2;3;4;3;2;3;1;1;1;1;1;1;1;1;1;1;1;1;2;1;1;1;1;1;1;1;1;1;0;1;0;0;0;0;0;0;0;0;0;0;0;0;0;0;0;0;0;0;0;19;17;6;7;38;41;20;23;0;1;0
5;2;5;4;4;4;153;120;7;6;5;6;5;1;2;1;1;1;4;4;4;4;2;3;5;2;1;5;4;2;3;2;2;2;2;2;2;2;3;5;2;5;3;4;4;3;5;4;4;3;4;4;4;3;2;3;2;2;2;2;2;2;3;2;2;1;3;3;3;3;2;3;3;1;2;2;1;1;0;0;1;1;0;0;0;0;1;0;0;1;0;0;0;1;1;0;0;24;22;3;3;38;57;22;50;5;2;1
2;3;1;4;1;4;70;10;4;2;2;1;1;5;5;2;1;1;4;3;4;4;5;4;5;4;3;5;4;2;0;2;3;1;0;2;0;2;1;4;5;5;4;5;2;4;4;4;4;5;5;5;3;5;2;1;1;2;2;3;2;1;1;1;2;1;3;1;3;3;2;2;2;1;2;1;2;0;0;0;1;0;0;0;0;2;1;3;1;0;1;0;0;1;0;0;1;15;6;10;4;45;64;13;39;7;1;5
4;3;2;2;3;4;300;15;6;2;2;2;2;3;3;1;2;1;4;3;4;2;4;4;4;4;2;4;4;2;1;2;2;2;1;2;1;2;2;4;3;5;4;4;4;4;5;5;5;4;4;4;4;4;2;2;2;2;2;2;1;2;2;2;2;1;2;1;2;2;2;2;2;1;2;1;0;1;1;0;1;1;0;0;3;0;2;0;1;0;0;1;1;0;0;0;0;18;8;6;4;39;63;17;39;3;4;5
2;3;3;4;2;2;200;45;4;5;3;3;2;6;7;2;2;1;4;5;4;3;5;4;4;5;4;4;3;2;2;2;3;2;1;3;1;3;2;5;2;4;4;5;4;4;3;5;5;5;5;1;3;4;2;2;4;2;1;2;3;2;4;4;2;1;3;1;1;1;2;3;4;3;1;3;3;2;1;2;3;3;0;1;1;0;3;2;1;2;0;1;1;3;1;0;0;16;13;13;5;45;59;21;51;17;6;7
3;3;3;2;4;1;560;120;3;2;2;4;4;5;5;1;1;1;1;4;4;1;2;4;3;3;2;4;2;2;1;2;3;2;1;2;1;1;2;2;3;3;2;2;3;3;4;1;5;1;4;2;4;1;2;2;3;1;3;3;4;1;4;4;4;3;3;3;1;2;2;3;3;3;3;3;0;0;0;0;2;2;2;2;1;1;1;1;1;1;0;0;1;0;0;0;0;16;12;10;3;30;40;17;60;7;3;5
4;1;4;3;1;1;350;30;6;2;2;2;2;2;2;1;1;1;2;2;3;1;2;3;2;3;2;3;2;1;1;1;1;2;2;2;2;2;2;4;4;5;1;2;3;4;2;3;4;2;4;2;4;2;1;1;1;4;4;1;1;1;1;2;1;1;3;2;2;3;1;3;1;1;1;2;0;2;1;1;2;1;2;1;1;1;1;1;1;1;1;1;1;1;1;0;0;14;8;4;3;25;46;16;38;6;8;7